"province","health_region","date_death_report","deaths","cumulative_deaths"
"Ontario","Brant","08-03-2020",0,0
"Ontario","Brant","09-03-2020",0,0
"Ontario","Brant","10-03-2020",0,0
"Ontario","Brant","11-03-2020",0,0
"Ontario","Brant","12-03-2020",0,0
"Ontario","Brant","13-03-2020",0,0
"Ontario","Brant","14-03-2020",0,0
"Ontario","Brant","15-03-2020",0,0
"Ontario","Brant","16-03-2020",0,0
"Ontario","Brant","17-03-2020",0,0
"Ontario","Brant","18-03-2020",0,0
"Ontario","Brant","19-03-2020",0,0
"Ontario","Brant","20-03-2020",0,0
"Ontario","Brant","21-03-2020",0,0
"Ontario","Brant","22-03-2020",0,0
"Ontario","Brant","23-03-2020",0,0
"Ontario","Brant","24-03-2020",0,0
"Ontario","Brant","25-03-2020",0,0
"Ontario","Brant","26-03-2020",0,0
"Ontario","Brant","27-03-2020",0,0
"Ontario","Brant","28-03-2020",0,0
"Ontario","Brant","29-03-2020",0,0
"Ontario","Brant","30-03-2020",0,0
"Ontario","Brant","31-03-2020",0,0
"Ontario","Brant","01-04-2020",0,0
"Ontario","Brant","02-04-2020",1,1
"Ontario","Brant","03-04-2020",0,1
"Ontario","Brant","04-04-2020",0,1
"Ontario","Brant","05-04-2020",0,1
"Ontario","Brant","06-04-2020",0,1
"Ontario","Brant","07-04-2020",0,1
"Ontario","Brant","08-04-2020",0,1
"Ontario","Brant","09-04-2020",0,1
"Ontario","Brant","10-04-2020",0,1
"Ontario","Brant","11-04-2020",0,1
"Ontario","Brant","12-04-2020",0,1
"Ontario","Brant","13-04-2020",0,1
"Ontario","Brant","14-04-2020",0,1
"Ontario","Brant","15-04-2020",0,1
"Ontario","Brant","16-04-2020",0,1
"Ontario","Brant","17-04-2020",0,1
"Ontario","Brant","18-04-2020",2,3
"Ontario","Brant","19-04-2020",0,3
"Ontario","Brant","20-04-2020",0,3
"Ontario","Brant","21-04-2020",0,3
"Ontario","Brant","22-04-2020",0,3
"Ontario","Brant","23-04-2020",0,3
"Ontario","Brant","24-04-2020",0,3
"Ontario","Brant","25-04-2020",0,3
"Ontario","Brant","26-04-2020",0,3
"Ontario","Brant","27-04-2020",0,3
"Ontario","Brant","28-04-2020",0,3
"Ontario","Brant","29-04-2020",0,3
"Ontario","Brant","30-04-2020",0,3
"Ontario","Chatham-Kent","08-03-2020",0,0
"Ontario","Chatham-Kent","09-03-2020",0,0
"Ontario","Chatham-Kent","10-03-2020",0,0
"Ontario","Chatham-Kent","11-03-2020",0,0
"Ontario","Chatham-Kent","12-03-2020",0,0
"Ontario","Chatham-Kent","13-03-2020",0,0
"Ontario","Chatham-Kent","14-03-2020",0,0
"Ontario","Chatham-Kent","15-03-2020",0,0
"Ontario","Chatham-Kent","16-03-2020",0,0
"Ontario","Chatham-Kent","17-03-2020",0,0
"Ontario","Chatham-Kent","18-03-2020",0,0
"Ontario","Chatham-Kent","19-03-2020",0,0
"Ontario","Chatham-Kent","20-03-2020",0,0
"Ontario","Chatham-Kent","21-03-2020",0,0
"Ontario","Chatham-Kent","22-03-2020",0,0
"Ontario","Chatham-Kent","23-03-2020",0,0
"Ontario","Chatham-Kent","24-03-2020",0,0
"Ontario","Chatham-Kent","25-03-2020",0,0
"Ontario","Chatham-Kent","26-03-2020",0,0
"Ontario","Chatham-Kent","27-03-2020",0,0
"Ontario","Chatham-Kent","28-03-2020",0,0
"Ontario","Chatham-Kent","29-03-2020",0,0
"Ontario","Chatham-Kent","30-03-2020",0,0
"Ontario","Chatham-Kent","31-03-2020",0,0
"Ontario","Chatham-Kent","01-04-2020",0,0
"Ontario","Chatham-Kent","02-04-2020",0,0
"Ontario","Chatham-Kent","03-04-2020",0,0
"Ontario","Chatham-Kent","04-04-2020",1,1
"Ontario","Chatham-Kent","05-04-2020",0,1
"Ontario","Chatham-Kent","06-04-2020",0,1
"Ontario","Chatham-Kent","07-04-2020",0,1
"Ontario","Chatham-Kent","08-04-2020",0,1
"Ontario","Chatham-Kent","09-04-2020",0,1
"Ontario","Chatham-Kent","10-04-2020",0,1
"Ontario","Chatham-Kent","11-04-2020",0,1
"Ontario","Chatham-Kent","12-04-2020",0,1
"Ontario","Chatham-Kent","13-04-2020",0,1
"Ontario","Chatham-Kent","14-04-2020",0,1
"Ontario","Chatham-Kent","15-04-2020",0,1
"Ontario","Chatham-Kent","16-04-2020",0,1
"Ontario","Chatham-Kent","17-04-2020",0,1
"Ontario","Chatham-Kent","18-04-2020",0,1
"Ontario","Chatham-Kent","19-04-2020",0,1
"Ontario","Chatham-Kent","20-04-2020",0,1
"Ontario","Chatham-Kent","21-04-2020",0,1
"Ontario","Chatham-Kent","22-04-2020",0,1
"Ontario","Chatham-Kent","23-04-2020",0,1
"Ontario","Chatham-Kent","24-04-2020",0,1
"Ontario","Chatham-Kent","25-04-2020",0,1
"Ontario","Chatham-Kent","26-04-2020",0,1
"Ontario","Chatham-Kent","27-04-2020",0,1
"Ontario","Chatham-Kent","28-04-2020",0,1
"Ontario","Chatham-Kent","29-04-2020",0,1
"Ontario","Chatham-Kent","30-04-2020",0,1
"Ontario","Durham","08-03-2020",0,0
"Ontario","Durham","09-03-2020",0,0
"Ontario","Durham","10-03-2020",0,0
"Ontario","Durham","11-03-2020",0,0
"Ontario","Durham","12-03-2020",0,0
"Ontario","Durham","13-03-2020",0,0
"Ontario","Durham","14-03-2020",0,0
"Ontario","Durham","15-03-2020",0,0
"Ontario","Durham","16-03-2020",0,0
"Ontario","Durham","17-03-2020",0,0
"Ontario","Durham","18-03-2020",0,0
"Ontario","Durham","19-03-2020",0,0
"Ontario","Durham","20-03-2020",0,0
"Ontario","Durham","21-03-2020",0,0
"Ontario","Durham","22-03-2020",0,0
"Ontario","Durham","23-03-2020",0,0
"Ontario","Durham","24-03-2020",1,1
"Ontario","Durham","25-03-2020",0,1
"Ontario","Durham","26-03-2020",2,3
"Ontario","Durham","27-03-2020",0,3
"Ontario","Durham","28-03-2020",0,3
"Ontario","Durham","29-03-2020",0,3
"Ontario","Durham","30-03-2020",0,3
"Ontario","Durham","31-03-2020",2,5
"Ontario","Durham","01-04-2020",1,6
"Ontario","Durham","02-04-2020",3,9
"Ontario","Durham","03-04-2020",0,9
"Ontario","Durham","04-04-2020",4,13
"Ontario","Durham","05-04-2020",2,15
"Ontario","Durham","06-04-2020",1,16
"Ontario","Durham","07-04-2020",2,18
"Ontario","Durham","08-04-2020",0,18
"Ontario","Durham","09-04-2020",1,19
"Ontario","Durham","10-04-2020",1,20
"Ontario","Durham","11-04-2020",1,21
"Ontario","Durham","12-04-2020",0,21
"Ontario","Durham","13-04-2020",1,22
"Ontario","Durham","14-04-2020",8,30
"Ontario","Durham","15-04-2020",3,33
"Ontario","Durham","16-04-2020",4,37
"Ontario","Durham","17-04-2020",3,40
"Ontario","Durham","18-04-2020",7,47
"Ontario","Durham","19-04-2020",4,51
"Ontario","Durham","20-04-2020",8,59
"Ontario","Durham","21-04-2020",7,66
"Ontario","Durham","22-04-2020",8,74
"Ontario","Durham","23-04-2020",2,76
"Ontario","Durham","24-04-2020",5,81
"Ontario","Durham","25-04-2020",2,83
"Ontario","Durham","26-04-2020",10,93
"Ontario","Durham","27-04-2020",0,93
"Ontario","Durham","28-04-2020",7,100
"Ontario","Durham","29-04-2020",3,103
"Ontario","Durham","30-04-2020",4,107
"Ontario","Haldimand-Norfolk","08-03-2020",0,0
"Ontario","Haldimand-Norfolk","09-03-2020",0,0
"Ontario","Haldimand-Norfolk","10-03-2020",0,0
"Ontario","Haldimand-Norfolk","11-03-2020",0,0
"Ontario","Haldimand-Norfolk","12-03-2020",0,0
"Ontario","Haldimand-Norfolk","13-03-2020",0,0
"Ontario","Haldimand-Norfolk","14-03-2020",0,0
"Ontario","Haldimand-Norfolk","15-03-2020",0,0
"Ontario","Haldimand-Norfolk","16-03-2020",0,0
"Ontario","Haldimand-Norfolk","17-03-2020",0,0
"Ontario","Haldimand-Norfolk","18-03-2020",0,0
"Ontario","Haldimand-Norfolk","19-03-2020",0,0
"Ontario","Haldimand-Norfolk","20-03-2020",0,0
"Ontario","Haldimand-Norfolk","21-03-2020",0,0
"Ontario","Haldimand-Norfolk","22-03-2020",0,0
"Ontario","Haldimand-Norfolk","23-03-2020",0,0
"Ontario","Haldimand-Norfolk","24-03-2020",0,0
"Ontario","Haldimand-Norfolk","25-03-2020",0,0
"Ontario","Haldimand-Norfolk","26-03-2020",0,0
"Ontario","Haldimand-Norfolk","27-03-2020",0,0
"Ontario","Haldimand-Norfolk","28-03-2020",0,0
"Ontario","Haldimand-Norfolk","29-03-2020",0,0
"Ontario","Haldimand-Norfolk","30-03-2020",1,1
"Ontario","Haldimand-Norfolk","31-03-2020",1,2
"Ontario","Haldimand-Norfolk","01-04-2020",1,3
"Ontario","Haldimand-Norfolk","02-04-2020",1,4
"Ontario","Haldimand-Norfolk","03-04-2020",0,4
"Ontario","Haldimand-Norfolk","04-04-2020",1,5
"Ontario","Haldimand-Norfolk","05-04-2020",0,5
"Ontario","Haldimand-Norfolk","06-04-2020",0,5
"Ontario","Haldimand-Norfolk","07-04-2020",1,6
"Ontario","Haldimand-Norfolk","08-04-2020",0,6
"Ontario","Haldimand-Norfolk","09-04-2020",5,11
"Ontario","Haldimand-Norfolk","10-04-2020",0,11
"Ontario","Haldimand-Norfolk","11-04-2020",0,11
"Ontario","Haldimand-Norfolk","12-04-2020",2,13
"Ontario","Haldimand-Norfolk","13-04-2020",0,13
"Ontario","Haldimand-Norfolk","14-04-2020",4,17
"Ontario","Haldimand-Norfolk","15-04-2020",5,22
"Ontario","Haldimand-Norfolk","16-04-2020",0,22
"Ontario","Haldimand-Norfolk","17-04-2020",1,23
"Ontario","Haldimand-Norfolk","18-04-2020",2,25
"Ontario","Haldimand-Norfolk","19-04-2020",1,26
"Ontario","Haldimand-Norfolk","20-04-2020",0,26
"Ontario","Haldimand-Norfolk","21-04-2020",2,28
"Ontario","Haldimand-Norfolk","22-04-2020",0,28
"Ontario","Haldimand-Norfolk","23-04-2020",0,28
"Ontario","Haldimand-Norfolk","24-04-2020",2,30
"Ontario","Haldimand-Norfolk","25-04-2020",0,30
"Ontario","Haldimand-Norfolk","26-04-2020",0,30
"Ontario","Haldimand-Norfolk","27-04-2020",0,30
"Ontario","Haldimand-Norfolk","28-04-2020",0,30
"Ontario","Haldimand-Norfolk","29-04-2020",0,30
"Ontario","Haldimand-Norfolk","30-04-2020",0,30
"Ontario","Haliburton Kawartha Pineridge","08-03-2020",0,0
"Ontario","Haliburton Kawartha Pineridge","09-03-2020",0,0
"Ontario","Haliburton Kawartha Pineridge","10-03-2020",0,0
"Ontario","Haliburton Kawartha Pineridge","11-03-2020",0,0
"Ontario","Haliburton Kawartha Pineridge","12-03-2020",0,0
"Ontario","Haliburton Kawartha Pineridge","13-03-2020",0,0
"Ontario","Haliburton Kawartha Pineridge","14-03-2020",0,0
"Ontario","Haliburton Kawartha Pineridge","15-03-2020",0,0
"Ontario","Haliburton Kawartha Pineridge","16-03-2020",0,0
"Ontario","Haliburton Kawartha Pineridge","17-03-2020",0,0
"Ontario","Haliburton Kawartha Pineridge","18-03-2020",0,0
"Ontario","Haliburton Kawartha Pineridge","19-03-2020",0,0
"Ontario","Haliburton Kawartha Pineridge","20-03-2020",0,0
"Ontario","Haliburton Kawartha Pineridge","21-03-2020",0,0
"Ontario","Haliburton Kawartha Pineridge","22-03-2020",1,1
"Ontario","Haliburton Kawartha Pineridge","23-03-2020",0,1
"Ontario","Haliburton Kawartha Pineridge","24-03-2020",0,1
"Ontario","Haliburton Kawartha Pineridge","25-03-2020",0,1
"Ontario","Haliburton Kawartha Pineridge","26-03-2020",0,1
"Ontario","Haliburton Kawartha Pineridge","27-03-2020",2,3
"Ontario","Haliburton Kawartha Pineridge","28-03-2020",0,3
"Ontario","Haliburton Kawartha Pineridge","29-03-2020",0,3
"Ontario","Haliburton Kawartha Pineridge","30-03-2020",0,3
"Ontario","Haliburton Kawartha Pineridge","31-03-2020",8,11
"Ontario","Haliburton Kawartha Pineridge","01-04-2020",2,13
"Ontario","Haliburton Kawartha Pineridge","02-04-2020",2,15
"Ontario","Haliburton Kawartha Pineridge","03-04-2020",2,17
"Ontario","Haliburton Kawartha Pineridge","04-04-2020",5,22
"Ontario","Haliburton Kawartha Pineridge","05-04-2020",0,22
"Ontario","Haliburton Kawartha Pineridge","06-04-2020",2,24
"Ontario","Haliburton Kawartha Pineridge","07-04-2020",5,29
"Ontario","Haliburton Kawartha Pineridge","08-04-2020",0,29
"Ontario","Haliburton Kawartha Pineridge","09-04-2020",3,32
"Ontario","Haliburton Kawartha Pineridge","10-04-2020",0,32
"Ontario","Haliburton Kawartha Pineridge","11-04-2020",0,32
"Ontario","Haliburton Kawartha Pineridge","12-04-2020",0,32
"Ontario","Haliburton Kawartha Pineridge","13-04-2020",0,32
"Ontario","Haliburton Kawartha Pineridge","14-04-2020",0,32
"Ontario","Haliburton Kawartha Pineridge","15-04-2020",0,32
"Ontario","Haliburton Kawartha Pineridge","16-04-2020",0,32
"Ontario","Haliburton Kawartha Pineridge","17-04-2020",0,32
"Ontario","Haliburton Kawartha Pineridge","18-04-2020",0,32
"Ontario","Haliburton Kawartha Pineridge","19-04-2020",0,32
"Ontario","Haliburton Kawartha Pineridge","20-04-2020",0,32
"Ontario","Haliburton Kawartha Pineridge","21-04-2020",0,32
"Ontario","Haliburton Kawartha Pineridge","22-04-2020",0,32
"Ontario","Haliburton Kawartha Pineridge","23-04-2020",0,32
"Ontario","Haliburton Kawartha Pineridge","24-04-2020",0,32
"Ontario","Haliburton Kawartha Pineridge","25-04-2020",0,32
"Ontario","Haliburton Kawartha Pineridge","26-04-2020",0,32
"Ontario","Haliburton Kawartha Pineridge","27-04-2020",0,32
"Ontario","Haliburton Kawartha Pineridge","28-04-2020",0,32
"Ontario","Haliburton Kawartha Pineridge","29-04-2020",0,32
"Ontario","Haliburton Kawartha Pineridge","30-04-2020",0,32
"Ontario","Halton","08-03-2020",0,0
"Ontario","Halton","09-03-2020",0,0
"Ontario","Halton","10-03-2020",0,0
"Ontario","Halton","11-03-2020",0,0
"Ontario","Halton","12-03-2020",0,0
"Ontario","Halton","13-03-2020",0,0
"Ontario","Halton","14-03-2020",0,0
"Ontario","Halton","15-03-2020",0,0
"Ontario","Halton","16-03-2020",0,0
"Ontario","Halton","17-03-2020",0,0
"Ontario","Halton","18-03-2020",0,0
"Ontario","Halton","19-03-2020",1,1
"Ontario","Halton","20-03-2020",0,1
"Ontario","Halton","21-03-2020",0,1
"Ontario","Halton","22-03-2020",0,1
"Ontario","Halton","23-03-2020",0,1
"Ontario","Halton","24-03-2020",0,1
"Ontario","Halton","25-03-2020",0,1
"Ontario","Halton","26-03-2020",0,1
"Ontario","Halton","27-03-2020",0,1
"Ontario","Halton","28-03-2020",0,1
"Ontario","Halton","29-03-2020",0,1
"Ontario","Halton","30-03-2020",0,1
"Ontario","Halton","31-03-2020",0,1
"Ontario","Halton","01-04-2020",0,1
"Ontario","Halton","02-04-2020",1,2
"Ontario","Halton","03-04-2020",0,2
"Ontario","Halton","04-04-2020",0,2
"Ontario","Halton","05-04-2020",0,2
"Ontario","Halton","06-04-2020",0,2
"Ontario","Halton","07-04-2020",0,2
"Ontario","Halton","08-04-2020",0,2
"Ontario","Halton","09-04-2020",2,4
"Ontario","Halton","10-04-2020",0,4
"Ontario","Halton","11-04-2020",0,4
"Ontario","Halton","12-04-2020",0,4
"Ontario","Halton","13-04-2020",7,11
"Ontario","Halton","14-04-2020",0,11
"Ontario","Halton","15-04-2020",0,11
"Ontario","Halton","16-04-2020",0,11
"Ontario","Halton","17-04-2020",1,12
"Ontario","Halton","18-04-2020",0,12
"Ontario","Halton","19-04-2020",0,12
"Ontario","Halton","20-04-2020",0,12
"Ontario","Halton","21-04-2020",4,16
"Ontario","Halton","22-04-2020",0,16
"Ontario","Halton","23-04-2020",2,18
"Ontario","Halton","24-04-2020",1,19
"Ontario","Halton","25-04-2020",1,20
"Ontario","Halton","26-04-2020",1,21
"Ontario","Halton","27-04-2020",0,21
"Ontario","Halton","28-04-2020",0,21
"Ontario","Halton","29-04-2020",1,22
"Ontario","Halton","30-04-2020",0,22
"Ontario","Hamilton","08-03-2020",0,0
"Ontario","Hamilton","09-03-2020",0,0
"Ontario","Hamilton","10-03-2020",0,0
"Ontario","Hamilton","11-03-2020",0,0
"Ontario","Hamilton","12-03-2020",0,0
"Ontario","Hamilton","13-03-2020",0,0
"Ontario","Hamilton","14-03-2020",0,0
"Ontario","Hamilton","15-03-2020",0,0
"Ontario","Hamilton","16-03-2020",0,0
"Ontario","Hamilton","17-03-2020",0,0
"Ontario","Hamilton","18-03-2020",0,0
"Ontario","Hamilton","19-03-2020",0,0
"Ontario","Hamilton","20-03-2020",0,0
"Ontario","Hamilton","21-03-2020",0,0
"Ontario","Hamilton","22-03-2020",0,0
"Ontario","Hamilton","23-03-2020",0,0
"Ontario","Hamilton","24-03-2020",1,1
"Ontario","Hamilton","25-03-2020",0,1
"Ontario","Hamilton","26-03-2020",0,1
"Ontario","Hamilton","27-03-2020",0,1
"Ontario","Hamilton","28-03-2020",0,1
"Ontario","Hamilton","29-03-2020",0,1
"Ontario","Hamilton","30-03-2020",0,1
"Ontario","Hamilton","31-03-2020",0,1
"Ontario","Hamilton","01-04-2020",0,1
"Ontario","Hamilton","02-04-2020",1,2
"Ontario","Hamilton","03-04-2020",0,2
"Ontario","Hamilton","04-04-2020",1,3
"Ontario","Hamilton","05-04-2020",0,3
"Ontario","Hamilton","06-04-2020",2,5
"Ontario","Hamilton","07-04-2020",0,5
"Ontario","Hamilton","08-04-2020",0,5
"Ontario","Hamilton","09-04-2020",1,6
"Ontario","Hamilton","10-04-2020",0,6
"Ontario","Hamilton","11-04-2020",0,6
"Ontario","Hamilton","12-04-2020",2,8
"Ontario","Hamilton","13-04-2020",1,9
"Ontario","Hamilton","14-04-2020",0,9
"Ontario","Hamilton","15-04-2020",1,10
"Ontario","Hamilton","16-04-2020",1,11
"Ontario","Hamilton","17-04-2020",0,11
"Ontario","Hamilton","18-04-2020",2,13
"Ontario","Hamilton","19-04-2020",1,14
"Ontario","Hamilton","20-04-2020",2,16
"Ontario","Hamilton","21-04-2020",0,16
"Ontario","Hamilton","22-04-2020",1,17
"Ontario","Hamilton","23-04-2020",0,17
"Ontario","Hamilton","24-04-2020",0,17
"Ontario","Hamilton","25-04-2020",0,17
"Ontario","Hamilton","26-04-2020",0,17
"Ontario","Hamilton","27-04-2020",0,17
"Ontario","Hamilton","28-04-2020",2,19
"Ontario","Hamilton","29-04-2020",0,19
"Ontario","Hamilton","30-04-2020",1,20
"Ontario","Hastings Prince Edward","08-03-2020",0,0
"Ontario","Hastings Prince Edward","09-03-2020",0,0
"Ontario","Hastings Prince Edward","10-03-2020",0,0
"Ontario","Hastings Prince Edward","11-03-2020",0,0
"Ontario","Hastings Prince Edward","12-03-2020",0,0
"Ontario","Hastings Prince Edward","13-03-2020",0,0
"Ontario","Hastings Prince Edward","14-03-2020",0,0
"Ontario","Hastings Prince Edward","15-03-2020",0,0
"Ontario","Hastings Prince Edward","16-03-2020",0,0
"Ontario","Hastings Prince Edward","17-03-2020",0,0
"Ontario","Hastings Prince Edward","18-03-2020",0,0
"Ontario","Hastings Prince Edward","19-03-2020",0,0
"Ontario","Hastings Prince Edward","20-03-2020",0,0
"Ontario","Hastings Prince Edward","21-03-2020",0,0
"Ontario","Hastings Prince Edward","22-03-2020",0,0
"Ontario","Hastings Prince Edward","23-03-2020",0,0
"Ontario","Hastings Prince Edward","24-03-2020",0,0
"Ontario","Hastings Prince Edward","25-03-2020",0,0
"Ontario","Hastings Prince Edward","26-03-2020",0,0
"Ontario","Hastings Prince Edward","27-03-2020",0,0
"Ontario","Hastings Prince Edward","28-03-2020",0,0
"Ontario","Hastings Prince Edward","29-03-2020",0,0
"Ontario","Hastings Prince Edward","30-03-2020",0,0
"Ontario","Hastings Prince Edward","31-03-2020",1,1
"Ontario","Hastings Prince Edward","01-04-2020",0,1
"Ontario","Hastings Prince Edward","02-04-2020",0,1
"Ontario","Hastings Prince Edward","03-04-2020",0,1
"Ontario","Hastings Prince Edward","04-04-2020",0,1
"Ontario","Hastings Prince Edward","05-04-2020",0,1
"Ontario","Hastings Prince Edward","06-04-2020",0,1
"Ontario","Hastings Prince Edward","07-04-2020",0,1
"Ontario","Hastings Prince Edward","08-04-2020",0,1
"Ontario","Hastings Prince Edward","09-04-2020",0,1
"Ontario","Hastings Prince Edward","10-04-2020",0,1
"Ontario","Hastings Prince Edward","11-04-2020",0,1
"Ontario","Hastings Prince Edward","12-04-2020",0,1
"Ontario","Hastings Prince Edward","13-04-2020",0,1
"Ontario","Hastings Prince Edward","14-04-2020",0,1
"Ontario","Hastings Prince Edward","15-04-2020",0,1
"Ontario","Hastings Prince Edward","16-04-2020",0,1
"Ontario","Hastings Prince Edward","17-04-2020",0,1
"Ontario","Hastings Prince Edward","18-04-2020",0,1
"Ontario","Hastings Prince Edward","19-04-2020",0,1
"Ontario","Hastings Prince Edward","20-04-2020",0,1
"Ontario","Hastings Prince Edward","21-04-2020",0,1
"Ontario","Hastings Prince Edward","22-04-2020",0,1
"Ontario","Hastings Prince Edward","23-04-2020",0,1
"Ontario","Hastings Prince Edward","24-04-2020",0,1
"Ontario","Hastings Prince Edward","25-04-2020",0,1
"Ontario","Hastings Prince Edward","26-04-2020",1,2
"Ontario","Hastings Prince Edward","27-04-2020",0,2
"Ontario","Hastings Prince Edward","28-04-2020",0,2
"Ontario","Hastings Prince Edward","29-04-2020",1,3
"Ontario","Hastings Prince Edward","30-04-2020",1,4
"Ontario","Huron Perth","08-03-2020",0,0
"Ontario","Huron Perth","09-03-2020",0,0
"Ontario","Huron Perth","10-03-2020",0,0
"Ontario","Huron Perth","11-03-2020",0,0
"Ontario","Huron Perth","12-03-2020",0,0
"Ontario","Huron Perth","13-03-2020",0,0
"Ontario","Huron Perth","14-03-2020",0,0
"Ontario","Huron Perth","15-03-2020",0,0
"Ontario","Huron Perth","16-03-2020",0,0
"Ontario","Huron Perth","17-03-2020",0,0
"Ontario","Huron Perth","18-03-2020",0,0
"Ontario","Huron Perth","19-03-2020",0,0
"Ontario","Huron Perth","20-03-2020",0,0
"Ontario","Huron Perth","21-03-2020",0,0
"Ontario","Huron Perth","22-03-2020",0,0
"Ontario","Huron Perth","23-03-2020",0,0
"Ontario","Huron Perth","24-03-2020",0,0
"Ontario","Huron Perth","25-03-2020",0,0
"Ontario","Huron Perth","26-03-2020",0,0
"Ontario","Huron Perth","27-03-2020",0,0
"Ontario","Huron Perth","28-03-2020",0,0
"Ontario","Huron Perth","29-03-2020",0,0
"Ontario","Huron Perth","30-03-2020",1,1
"Ontario","Huron Perth","31-03-2020",0,1
"Ontario","Huron Perth","01-04-2020",0,1
"Ontario","Huron Perth","02-04-2020",0,1
"Ontario","Huron Perth","03-04-2020",0,1
"Ontario","Huron Perth","04-04-2020",0,1
"Ontario","Huron Perth","05-04-2020",0,1
"Ontario","Huron Perth","06-04-2020",0,1
"Ontario","Huron Perth","07-04-2020",0,1
"Ontario","Huron Perth","08-04-2020",0,1
"Ontario","Huron Perth","09-04-2020",0,1
"Ontario","Huron Perth","10-04-2020",0,1
"Ontario","Huron Perth","11-04-2020",0,1
"Ontario","Huron Perth","12-04-2020",1,2
"Ontario","Huron Perth","13-04-2020",0,2
"Ontario","Huron Perth","14-04-2020",1,3
"Ontario","Huron Perth","15-04-2020",0,3
"Ontario","Huron Perth","16-04-2020",0,3
"Ontario","Huron Perth","17-04-2020",0,3
"Ontario","Huron Perth","18-04-2020",0,3
"Ontario","Huron Perth","19-04-2020",0,3
"Ontario","Huron Perth","20-04-2020",1,4
"Ontario","Huron Perth","21-04-2020",0,4
"Ontario","Huron Perth","22-04-2020",0,4
"Ontario","Huron Perth","23-04-2020",0,4
"Ontario","Huron Perth","24-04-2020",0,4
"Ontario","Huron Perth","25-04-2020",0,4
"Ontario","Huron Perth","26-04-2020",0,4
"Ontario","Huron Perth","27-04-2020",0,4
"Ontario","Huron Perth","28-04-2020",0,4
"Ontario","Huron Perth","29-04-2020",0,4
"Ontario","Huron Perth","30-04-2020",1,5
"Ontario","Lambton","08-03-2020",0,0
"Ontario","Lambton","09-03-2020",0,0
"Ontario","Lambton","10-03-2020",0,0
"Ontario","Lambton","11-03-2020",0,0
"Ontario","Lambton","12-03-2020",0,0
"Ontario","Lambton","13-03-2020",0,0
"Ontario","Lambton","14-03-2020",0,0
"Ontario","Lambton","15-03-2020",0,0
"Ontario","Lambton","16-03-2020",0,0
"Ontario","Lambton","17-03-2020",0,0
"Ontario","Lambton","18-03-2020",0,0
"Ontario","Lambton","19-03-2020",0,0
"Ontario","Lambton","20-03-2020",0,0
"Ontario","Lambton","21-03-2020",0,0
"Ontario","Lambton","22-03-2020",0,0
"Ontario","Lambton","23-03-2020",0,0
"Ontario","Lambton","24-03-2020",0,0
"Ontario","Lambton","25-03-2020",0,0
"Ontario","Lambton","26-03-2020",0,0
"Ontario","Lambton","27-03-2020",0,0
"Ontario","Lambton","28-03-2020",0,0
"Ontario","Lambton","29-03-2020",2,2
"Ontario","Lambton","30-03-2020",2,4
"Ontario","Lambton","31-03-2020",0,4
"Ontario","Lambton","01-04-2020",2,6
"Ontario","Lambton","02-04-2020",0,6
"Ontario","Lambton","03-04-2020",1,7
"Ontario","Lambton","04-04-2020",0,7
"Ontario","Lambton","05-04-2020",1,8
"Ontario","Lambton","06-04-2020",0,8
"Ontario","Lambton","07-04-2020",0,8
"Ontario","Lambton","08-04-2020",0,8
"Ontario","Lambton","09-04-2020",0,8
"Ontario","Lambton","10-04-2020",1,9
"Ontario","Lambton","11-04-2020",1,10
"Ontario","Lambton","12-04-2020",0,10
"Ontario","Lambton","13-04-2020",0,10
"Ontario","Lambton","14-04-2020",0,10
"Ontario","Lambton","15-04-2020",1,11
"Ontario","Lambton","16-04-2020",0,11
"Ontario","Lambton","17-04-2020",2,13
"Ontario","Lambton","18-04-2020",0,13
"Ontario","Lambton","19-04-2020",0,13
"Ontario","Lambton","20-04-2020",1,14
"Ontario","Lambton","21-04-2020",0,14
"Ontario","Lambton","22-04-2020",0,14
"Ontario","Lambton","23-04-2020",0,14
"Ontario","Lambton","24-04-2020",0,14
"Ontario","Lambton","25-04-2020",0,14
"Ontario","Lambton","26-04-2020",0,14
"Ontario","Lambton","27-04-2020",0,14
"Ontario","Lambton","28-04-2020",0,14
"Ontario","Lambton","29-04-2020",0,14
"Ontario","Lambton","30-04-2020",0,14
"Ontario","Leeds Grenville and Lanark","08-03-2020",0,0
"Ontario","Leeds Grenville and Lanark","09-03-2020",0,0
"Ontario","Leeds Grenville and Lanark","10-03-2020",0,0
"Ontario","Leeds Grenville and Lanark","11-03-2020",0,0
"Ontario","Leeds Grenville and Lanark","12-03-2020",0,0
"Ontario","Leeds Grenville and Lanark","13-03-2020",0,0
"Ontario","Leeds Grenville and Lanark","14-03-2020",0,0
"Ontario","Leeds Grenville and Lanark","15-03-2020",0,0
"Ontario","Leeds Grenville and Lanark","16-03-2020",0,0
"Ontario","Leeds Grenville and Lanark","17-03-2020",0,0
"Ontario","Leeds Grenville and Lanark","18-03-2020",0,0
"Ontario","Leeds Grenville and Lanark","19-03-2020",0,0
"Ontario","Leeds Grenville and Lanark","20-03-2020",0,0
"Ontario","Leeds Grenville and Lanark","21-03-2020",0,0
"Ontario","Leeds Grenville and Lanark","22-03-2020",0,0
"Ontario","Leeds Grenville and Lanark","23-03-2020",0,0
"Ontario","Leeds Grenville and Lanark","24-03-2020",0,0
"Ontario","Leeds Grenville and Lanark","25-03-2020",0,0
"Ontario","Leeds Grenville and Lanark","26-03-2020",0,0
"Ontario","Leeds Grenville and Lanark","27-03-2020",0,0
"Ontario","Leeds Grenville and Lanark","28-03-2020",0,0
"Ontario","Leeds Grenville and Lanark","29-03-2020",0,0
"Ontario","Leeds Grenville and Lanark","30-03-2020",0,0
"Ontario","Leeds Grenville and Lanark","31-03-2020",2,2
"Ontario","Leeds Grenville and Lanark","01-04-2020",0,2
"Ontario","Leeds Grenville and Lanark","02-04-2020",0,2
"Ontario","Leeds Grenville and Lanark","03-04-2020",0,2
"Ontario","Leeds Grenville and Lanark","04-04-2020",0,2
"Ontario","Leeds Grenville and Lanark","05-04-2020",0,2
"Ontario","Leeds Grenville and Lanark","06-04-2020",1,3
"Ontario","Leeds Grenville and Lanark","07-04-2020",1,4
"Ontario","Leeds Grenville and Lanark","08-04-2020",4,8
"Ontario","Leeds Grenville and Lanark","09-04-2020",0,8
"Ontario","Leeds Grenville and Lanark","10-04-2020",1,9
"Ontario","Leeds Grenville and Lanark","11-04-2020",6,15
"Ontario","Leeds Grenville and Lanark","12-04-2020",0,15
"Ontario","Leeds Grenville and Lanark","13-04-2020",0,15
"Ontario","Leeds Grenville and Lanark","14-04-2020",10,25
"Ontario","Leeds Grenville and Lanark","15-04-2020",2,27
"Ontario","Leeds Grenville and Lanark","16-04-2020",1,28
"Ontario","Leeds Grenville and Lanark","17-04-2020",4,32
"Ontario","Leeds Grenville and Lanark","18-04-2020",0,32
"Ontario","Leeds Grenville and Lanark","19-04-2020",0,32
"Ontario","Leeds Grenville and Lanark","20-04-2020",5,37
"Ontario","Leeds Grenville and Lanark","21-04-2020",1,38
"Ontario","Leeds Grenville and Lanark","22-04-2020",1,39
"Ontario","Leeds Grenville and Lanark","23-04-2020",0,39
"Ontario","Leeds Grenville and Lanark","24-04-2020",0,39
"Ontario","Leeds Grenville and Lanark","25-04-2020",0,39
"Ontario","Leeds Grenville and Lanark","26-04-2020",0,39
"Ontario","Leeds Grenville and Lanark","27-04-2020",0,39
"Ontario","Leeds Grenville and Lanark","28-04-2020",1,40
"Ontario","Leeds Grenville and Lanark","29-04-2020",0,40
"Ontario","Leeds Grenville and Lanark","30-04-2020",0,40
"Ontario","Middlesex-London","08-03-2020",0,0
"Ontario","Middlesex-London","09-03-2020",0,0
"Ontario","Middlesex-London","10-03-2020",0,0
"Ontario","Middlesex-London","11-03-2020",0,0
"Ontario","Middlesex-London","12-03-2020",0,0
"Ontario","Middlesex-London","13-03-2020",0,0
"Ontario","Middlesex-London","14-03-2020",0,0
"Ontario","Middlesex-London","15-03-2020",0,0
"Ontario","Middlesex-London","16-03-2020",0,0
"Ontario","Middlesex-London","17-03-2020",0,0
"Ontario","Middlesex-London","18-03-2020",0,0
"Ontario","Middlesex-London","19-03-2020",0,0
"Ontario","Middlesex-London","20-03-2020",0,0
"Ontario","Middlesex-London","21-03-2020",0,0
"Ontario","Middlesex-London","22-03-2020",0,0
"Ontario","Middlesex-London","23-03-2020",0,0
"Ontario","Middlesex-London","24-03-2020",0,0
"Ontario","Middlesex-London","25-03-2020",0,0
"Ontario","Middlesex-London","26-03-2020",0,0
"Ontario","Middlesex-London","27-03-2020",0,0
"Ontario","Middlesex-London","28-03-2020",1,1
"Ontario","Middlesex-London","29-03-2020",0,1
"Ontario","Middlesex-London","30-03-2020",0,1
"Ontario","Middlesex-London","31-03-2020",2,3
"Ontario","Middlesex-London","01-04-2020",0,3
"Ontario","Middlesex-London","02-04-2020",0,3
"Ontario","Middlesex-London","03-04-2020",0,3
"Ontario","Middlesex-London","04-04-2020",2,5
"Ontario","Middlesex-London","05-04-2020",0,5
"Ontario","Middlesex-London","06-04-2020",0,5
"Ontario","Middlesex-London","07-04-2020",1,6
"Ontario","Middlesex-London","08-04-2020",1,7
"Ontario","Middlesex-London","09-04-2020",1,8
"Ontario","Middlesex-London","10-04-2020",0,8
"Ontario","Middlesex-London","11-04-2020",1,9
"Ontario","Middlesex-London","12-04-2020",1,10
"Ontario","Middlesex-London","13-04-2020",1,11
"Ontario","Middlesex-London","14-04-2020",0,11
"Ontario","Middlesex-London","15-04-2020",1,12
"Ontario","Middlesex-London","16-04-2020",2,14
"Ontario","Middlesex-London","17-04-2020",2,16
"Ontario","Middlesex-London","18-04-2020",1,17
"Ontario","Middlesex-London","19-04-2020",3,20
"Ontario","Middlesex-London","20-04-2020",2,22
"Ontario","Middlesex-London","21-04-2020",0,22
"Ontario","Middlesex-London","22-04-2020",1,23
"Ontario","Middlesex-London","23-04-2020",3,26
"Ontario","Middlesex-London","24-04-2020",0,26
"Ontario","Middlesex-London","25-04-2020",4,30
"Ontario","Middlesex-London","26-04-2020",1,31
"Ontario","Middlesex-London","27-04-2020",1,32
"Ontario","Middlesex-London","28-04-2020",0,32
"Ontario","Middlesex-London","29-04-2020",4,36
"Ontario","Middlesex-London","30-04-2020",1,37
"Ontario","Niagara","08-03-2020",0,0
"Ontario","Niagara","09-03-2020",0,0
"Ontario","Niagara","10-03-2020",0,0
"Ontario","Niagara","11-03-2020",0,0
"Ontario","Niagara","12-03-2020",0,0
"Ontario","Niagara","13-03-2020",0,0
"Ontario","Niagara","14-03-2020",0,0
"Ontario","Niagara","15-03-2020",0,0
"Ontario","Niagara","16-03-2020",0,0
"Ontario","Niagara","17-03-2020",0,0
"Ontario","Niagara","18-03-2020",0,0
"Ontario","Niagara","19-03-2020",0,0
"Ontario","Niagara","20-03-2020",0,0
"Ontario","Niagara","21-03-2020",0,0
"Ontario","Niagara","22-03-2020",0,0
"Ontario","Niagara","23-03-2020",0,0
"Ontario","Niagara","24-03-2020",0,0
"Ontario","Niagara","25-03-2020",1,1
"Ontario","Niagara","26-03-2020",0,1
"Ontario","Niagara","27-03-2020",0,1
"Ontario","Niagara","28-03-2020",0,1
"Ontario","Niagara","29-03-2020",0,1
"Ontario","Niagara","30-03-2020",1,2
"Ontario","Niagara","31-03-2020",0,2
"Ontario","Niagara","01-04-2020",2,4
"Ontario","Niagara","02-04-2020",1,5
"Ontario","Niagara","03-04-2020",2,7
"Ontario","Niagara","04-04-2020",0,7
"Ontario","Niagara","05-04-2020",0,7
"Ontario","Niagara","06-04-2020",2,9
"Ontario","Niagara","07-04-2020",0,9
"Ontario","Niagara","08-04-2020",1,10
"Ontario","Niagara","09-04-2020",0,10
"Ontario","Niagara","10-04-2020",0,10
"Ontario","Niagara","11-04-2020",0,10
"Ontario","Niagara","12-04-2020",0,10
"Ontario","Niagara","13-04-2020",0,10
"Ontario","Niagara","14-04-2020",0,10
"Ontario","Niagara","15-04-2020",16,26
"Ontario","Niagara","16-04-2020",0,26
"Ontario","Niagara","17-04-2020",0,26
"Ontario","Niagara","18-04-2020",0,26
"Ontario","Niagara","19-04-2020",0,26
"Ontario","Niagara","20-04-2020",7,33
"Ontario","Niagara","21-04-2020",0,33
"Ontario","Niagara","22-04-2020",1,34
"Ontario","Niagara","23-04-2020",0,34
"Ontario","Niagara","24-04-2020",3,37
"Ontario","Niagara","25-04-2020",0,37
"Ontario","Niagara","26-04-2020",0,37
"Ontario","Niagara","27-04-2020",5,42
"Ontario","Niagara","28-04-2020",0,42
"Ontario","Niagara","29-04-2020",2,44
"Ontario","Niagara","30-04-2020",0,44
"Ontario","Ottawa","08-03-2020",0,0
"Ontario","Ottawa","09-03-2020",0,0
"Ontario","Ottawa","10-03-2020",0,0
"Ontario","Ottawa","11-03-2020",0,0
"Ontario","Ottawa","12-03-2020",0,0
"Ontario","Ottawa","13-03-2020",0,0
"Ontario","Ottawa","14-03-2020",0,0
"Ontario","Ottawa","15-03-2020",0,0
"Ontario","Ottawa","16-03-2020",0,0
"Ontario","Ottawa","17-03-2020",0,0
"Ontario","Ottawa","18-03-2020",0,0
"Ontario","Ottawa","19-03-2020",0,0
"Ontario","Ottawa","20-03-2020",0,0
"Ontario","Ottawa","21-03-2020",0,0
"Ontario","Ottawa","22-03-2020",0,0
"Ontario","Ottawa","23-03-2020",0,0
"Ontario","Ottawa","24-03-2020",0,0
"Ontario","Ottawa","25-03-2020",1,1
"Ontario","Ottawa","26-03-2020",0,1
"Ontario","Ottawa","27-03-2020",0,1
"Ontario","Ottawa","28-03-2020",0,1
"Ontario","Ottawa","29-03-2020",0,1
"Ontario","Ottawa","30-03-2020",1,2
"Ontario","Ottawa","31-03-2020",1,3
"Ontario","Ottawa","01-04-2020",0,3
"Ontario","Ottawa","02-04-2020",0,3
"Ontario","Ottawa","03-04-2020",0,3
"Ontario","Ottawa","04-04-2020",1,4
"Ontario","Ottawa","05-04-2020",0,4
"Ontario","Ottawa","06-04-2020",2,6
"Ontario","Ottawa","07-04-2020",0,6
"Ontario","Ottawa","08-04-2020",1,7
"Ontario","Ottawa","09-04-2020",2,9
"Ontario","Ottawa","10-04-2020",0,9
"Ontario","Ottawa","11-04-2020",2,11
"Ontario","Ottawa","12-04-2020",0,11
"Ontario","Ottawa","13-04-2020",0,11
"Ontario","Ottawa","14-04-2020",1,12
"Ontario","Ottawa","15-04-2020",1,13
"Ontario","Ottawa","16-04-2020",1,14
"Ontario","Ottawa","17-04-2020",7,21
"Ontario","Ottawa","18-04-2020",1,22
"Ontario","Ottawa","19-04-2020",1,23
"Ontario","Ottawa","20-04-2020",2,25
"Ontario","Ottawa","21-04-2020",0,25
"Ontario","Ottawa","22-04-2020",7,32
"Ontario","Ottawa","23-04-2020",3,35
"Ontario","Ottawa","24-04-2020",7,42
"Ontario","Ottawa","25-04-2020",8,50
"Ontario","Ottawa","26-04-2020",2,52
"Ontario","Ottawa","27-04-2020",7,59
"Ontario","Ottawa","28-04-2020",12,71
"Ontario","Ottawa","29-04-2020",5,76
"Ontario","Ottawa","30-04-2020",0,76
"Ontario","Peel","08-03-2020",0,0
"Ontario","Peel","09-03-2020",0,0
"Ontario","Peel","10-03-2020",0,0
"Ontario","Peel","11-03-2020",0,0
"Ontario","Peel","12-03-2020",0,0
"Ontario","Peel","13-03-2020",0,0
"Ontario","Peel","14-03-2020",0,0
"Ontario","Peel","15-03-2020",0,0
"Ontario","Peel","16-03-2020",0,0
"Ontario","Peel","17-03-2020",0,0
"Ontario","Peel","18-03-2020",0,0
"Ontario","Peel","19-03-2020",0,0
"Ontario","Peel","20-03-2020",0,0
"Ontario","Peel","21-03-2020",0,0
"Ontario","Peel","22-03-2020",0,0
"Ontario","Peel","23-03-2020",0,0
"Ontario","Peel","24-03-2020",0,0
"Ontario","Peel","25-03-2020",0,0
"Ontario","Peel","26-03-2020",0,0
"Ontario","Peel","27-03-2020",0,0
"Ontario","Peel","28-03-2020",0,0
"Ontario","Peel","29-03-2020",0,0
"Ontario","Peel","30-03-2020",0,0
"Ontario","Peel","31-03-2020",1,1
"Ontario","Peel","01-04-2020",0,1
"Ontario","Peel","02-04-2020",0,1
"Ontario","Peel","03-04-2020",3,4
"Ontario","Peel","04-04-2020",0,4
"Ontario","Peel","05-04-2020",0,4
"Ontario","Peel","06-04-2020",4,8
"Ontario","Peel","07-04-2020",1,9
"Ontario","Peel","08-04-2020",0,9
"Ontario","Peel","09-04-2020",0,9
"Ontario","Peel","10-04-2020",6,15
"Ontario","Peel","11-04-2020",0,15
"Ontario","Peel","12-04-2020",3,18
"Ontario","Peel","13-04-2020",0,18
"Ontario","Peel","14-04-2020",4,22
"Ontario","Peel","15-04-2020",3,25
"Ontario","Peel","16-04-2020",6,31
"Ontario","Peel","17-04-2020",1,32
"Ontario","Peel","18-04-2020",4,36
"Ontario","Peel","19-04-2020",1,37
"Ontario","Peel","20-04-2020",9,46
"Ontario","Peel","21-04-2020",5,51
"Ontario","Peel","22-04-2020",13,64
"Ontario","Peel","23-04-2020",5,69
"Ontario","Peel","24-04-2020",1,70
"Ontario","Peel","25-04-2020",4,74
"Ontario","Peel","26-04-2020",3,77
"Ontario","Peel","27-04-2020",9,86
"Ontario","Peel","28-04-2020",3,89
"Ontario","Peel","29-04-2020",10,99
"Ontario","Peel","30-04-2020",7,106
"Ontario","Peterborough","08-03-2020",0,0
"Ontario","Peterborough","09-03-2020",0,0
"Ontario","Peterborough","10-03-2020",0,0
"Ontario","Peterborough","11-03-2020",0,0
"Ontario","Peterborough","12-03-2020",0,0
"Ontario","Peterborough","13-03-2020",0,0
"Ontario","Peterborough","14-03-2020",0,0
"Ontario","Peterborough","15-03-2020",0,0
"Ontario","Peterborough","16-03-2020",0,0
"Ontario","Peterborough","17-03-2020",0,0
"Ontario","Peterborough","18-03-2020",0,0
"Ontario","Peterborough","19-03-2020",0,0
"Ontario","Peterborough","20-03-2020",0,0
"Ontario","Peterborough","21-03-2020",0,0
"Ontario","Peterborough","22-03-2020",0,0
"Ontario","Peterborough","23-03-2020",0,0
"Ontario","Peterborough","24-03-2020",0,0
"Ontario","Peterborough","25-03-2020",0,0
"Ontario","Peterborough","26-03-2020",0,0
"Ontario","Peterborough","27-03-2020",0,0
"Ontario","Peterborough","28-03-2020",0,0
"Ontario","Peterborough","29-03-2020",0,0
"Ontario","Peterborough","30-03-2020",0,0
"Ontario","Peterborough","31-03-2020",0,0
"Ontario","Peterborough","01-04-2020",0,0
"Ontario","Peterborough","02-04-2020",0,0
"Ontario","Peterborough","03-04-2020",0,0
"Ontario","Peterborough","04-04-2020",0,0
"Ontario","Peterborough","05-04-2020",0,0
"Ontario","Peterborough","06-04-2020",0,0
"Ontario","Peterborough","07-04-2020",0,0
"Ontario","Peterborough","08-04-2020",0,0
"Ontario","Peterborough","09-04-2020",0,0
"Ontario","Peterborough","10-04-2020",0,0
"Ontario","Peterborough","11-04-2020",0,0
"Ontario","Peterborough","12-04-2020",1,1
"Ontario","Peterborough","13-04-2020",0,1
"Ontario","Peterborough","14-04-2020",0,1
"Ontario","Peterborough","15-04-2020",0,1
"Ontario","Peterborough","16-04-2020",0,1
"Ontario","Peterborough","17-04-2020",0,1
"Ontario","Peterborough","18-04-2020",0,1
"Ontario","Peterborough","19-04-2020",0,1
"Ontario","Peterborough","20-04-2020",0,1
"Ontario","Peterborough","21-04-2020",0,1
"Ontario","Peterborough","22-04-2020",0,1
"Ontario","Peterborough","23-04-2020",0,1
"Ontario","Peterborough","24-04-2020",0,1
"Ontario","Peterborough","25-04-2020",0,1
"Ontario","Peterborough","26-04-2020",0,1
"Ontario","Peterborough","27-04-2020",0,1
"Ontario","Peterborough","28-04-2020",1,2
"Ontario","Peterborough","29-04-2020",0,2
"Ontario","Peterborough","30-04-2020",1,3
"Ontario","Porcupine","08-03-2020",0,0
"Ontario","Porcupine","09-03-2020",0,0
"Ontario","Porcupine","10-03-2020",0,0
"Ontario","Porcupine","11-03-2020",0,0
"Ontario","Porcupine","12-03-2020",0,0
"Ontario","Porcupine","13-03-2020",0,0
"Ontario","Porcupine","14-03-2020",0,0
"Ontario","Porcupine","15-03-2020",0,0
"Ontario","Porcupine","16-03-2020",0,0
"Ontario","Porcupine","17-03-2020",0,0
"Ontario","Porcupine","18-03-2020",0,0
"Ontario","Porcupine","19-03-2020",0,0
"Ontario","Porcupine","20-03-2020",0,0
"Ontario","Porcupine","21-03-2020",0,0
"Ontario","Porcupine","22-03-2020",0,0
"Ontario","Porcupine","23-03-2020",0,0
"Ontario","Porcupine","24-03-2020",0,0
"Ontario","Porcupine","25-03-2020",0,0
"Ontario","Porcupine","26-03-2020",0,0
"Ontario","Porcupine","27-03-2020",0,0
"Ontario","Porcupine","28-03-2020",0,0
"Ontario","Porcupine","29-03-2020",0,0
"Ontario","Porcupine","30-03-2020",0,0
"Ontario","Porcupine","31-03-2020",0,0
"Ontario","Porcupine","01-04-2020",0,0
"Ontario","Porcupine","02-04-2020",0,0
"Ontario","Porcupine","03-04-2020",0,0
"Ontario","Porcupine","04-04-2020",2,2
"Ontario","Porcupine","05-04-2020",0,2
"Ontario","Porcupine","06-04-2020",0,2
"Ontario","Porcupine","07-04-2020",0,2
"Ontario","Porcupine","08-04-2020",0,2
"Ontario","Porcupine","09-04-2020",0,2
"Ontario","Porcupine","10-04-2020",0,2
"Ontario","Porcupine","11-04-2020",0,2
"Ontario","Porcupine","12-04-2020",0,2
"Ontario","Porcupine","13-04-2020",0,2
"Ontario","Porcupine","14-04-2020",0,2
"Ontario","Porcupine","15-04-2020",0,2
"Ontario","Porcupine","16-04-2020",0,2
"Ontario","Porcupine","17-04-2020",0,2
"Ontario","Porcupine","18-04-2020",0,2
"Ontario","Porcupine","19-04-2020",0,2
"Ontario","Porcupine","20-04-2020",1,3
"Ontario","Porcupine","21-04-2020",0,3
"Ontario","Porcupine","22-04-2020",0,3
"Ontario","Porcupine","23-04-2020",0,3
"Ontario","Porcupine","24-04-2020",0,3
"Ontario","Porcupine","25-04-2020",0,3
"Ontario","Porcupine","26-04-2020",0,3
"Ontario","Porcupine","27-04-2020",0,3
"Ontario","Porcupine","28-04-2020",0,3
"Ontario","Porcupine","29-04-2020",1,4
"Ontario","Porcupine","30-04-2020",0,4
"Ontario","Renfrew","08-03-2020",0,0
"Ontario","Renfrew","09-03-2020",0,0
"Ontario","Renfrew","10-03-2020",0,0
"Ontario","Renfrew","11-03-2020",0,0
"Ontario","Renfrew","12-03-2020",0,0
"Ontario","Renfrew","13-03-2020",0,0
"Ontario","Renfrew","14-03-2020",0,0
"Ontario","Renfrew","15-03-2020",0,0
"Ontario","Renfrew","16-03-2020",0,0
"Ontario","Renfrew","17-03-2020",0,0
"Ontario","Renfrew","18-03-2020",0,0
"Ontario","Renfrew","19-03-2020",0,0
"Ontario","Renfrew","20-03-2020",0,0
"Ontario","Renfrew","21-03-2020",0,0
"Ontario","Renfrew","22-03-2020",0,0
"Ontario","Renfrew","23-03-2020",0,0
"Ontario","Renfrew","24-03-2020",0,0
"Ontario","Renfrew","25-03-2020",0,0
"Ontario","Renfrew","26-03-2020",0,0
"Ontario","Renfrew","27-03-2020",0,0
"Ontario","Renfrew","28-03-2020",0,0
"Ontario","Renfrew","29-03-2020",1,1
"Ontario","Renfrew","30-03-2020",0,1
"Ontario","Renfrew","31-03-2020",0,1
"Ontario","Renfrew","01-04-2020",0,1
"Ontario","Renfrew","02-04-2020",0,1
"Ontario","Renfrew","03-04-2020",0,1
"Ontario","Renfrew","04-04-2020",0,1
"Ontario","Renfrew","05-04-2020",0,1
"Ontario","Renfrew","06-04-2020",0,1
"Ontario","Renfrew","07-04-2020",0,1
"Ontario","Renfrew","08-04-2020",0,1
"Ontario","Renfrew","09-04-2020",0,1
"Ontario","Renfrew","10-04-2020",0,1
"Ontario","Renfrew","11-04-2020",0,1
"Ontario","Renfrew","12-04-2020",0,1
"Ontario","Renfrew","13-04-2020",0,1
"Ontario","Renfrew","14-04-2020",0,1
"Ontario","Renfrew","15-04-2020",0,1
"Ontario","Renfrew","16-04-2020",0,1
"Ontario","Renfrew","17-04-2020",0,1
"Ontario","Renfrew","18-04-2020",0,1
"Ontario","Renfrew","19-04-2020",0,1
"Ontario","Renfrew","20-04-2020",0,1
"Ontario","Renfrew","21-04-2020",0,1
"Ontario","Renfrew","22-04-2020",0,1
"Ontario","Renfrew","23-04-2020",0,1
"Ontario","Renfrew","24-04-2020",0,1
"Ontario","Renfrew","25-04-2020",0,1
"Ontario","Renfrew","26-04-2020",0,1
"Ontario","Renfrew","27-04-2020",0,1
"Ontario","Renfrew","28-04-2020",0,1
"Ontario","Renfrew","29-04-2020",0,1
"Ontario","Renfrew","30-04-2020",0,1
"Ontario","Simcoe Muskoka","08-03-2020",0,0
"Ontario","Simcoe Muskoka","09-03-2020",0,0
"Ontario","Simcoe Muskoka","10-03-2020",0,0
"Ontario","Simcoe Muskoka","11-03-2020",1,1
"Ontario","Simcoe Muskoka","12-03-2020",0,1
"Ontario","Simcoe Muskoka","13-03-2020",0,1
"Ontario","Simcoe Muskoka","14-03-2020",0,1
"Ontario","Simcoe Muskoka","15-03-2020",0,1
"Ontario","Simcoe Muskoka","16-03-2020",0,1
"Ontario","Simcoe Muskoka","17-03-2020",0,1
"Ontario","Simcoe Muskoka","18-03-2020",0,1
"Ontario","Simcoe Muskoka","19-03-2020",0,1
"Ontario","Simcoe Muskoka","20-03-2020",0,1
"Ontario","Simcoe Muskoka","21-03-2020",1,2
"Ontario","Simcoe Muskoka","22-03-2020",0,2
"Ontario","Simcoe Muskoka","23-03-2020",0,2
"Ontario","Simcoe Muskoka","24-03-2020",0,2
"Ontario","Simcoe Muskoka","25-03-2020",0,2
"Ontario","Simcoe Muskoka","26-03-2020",0,2
"Ontario","Simcoe Muskoka","27-03-2020",0,2
"Ontario","Simcoe Muskoka","28-03-2020",0,2
"Ontario","Simcoe Muskoka","29-03-2020",1,3
"Ontario","Simcoe Muskoka","30-03-2020",1,4
"Ontario","Simcoe Muskoka","31-03-2020",0,4
"Ontario","Simcoe Muskoka","01-04-2020",0,4
"Ontario","Simcoe Muskoka","02-04-2020",0,4
"Ontario","Simcoe Muskoka","03-04-2020",0,4
"Ontario","Simcoe Muskoka","04-04-2020",0,4
"Ontario","Simcoe Muskoka","05-04-2020",0,4
"Ontario","Simcoe Muskoka","06-04-2020",1,5
"Ontario","Simcoe Muskoka","07-04-2020",0,5
"Ontario","Simcoe Muskoka","08-04-2020",0,5
"Ontario","Simcoe Muskoka","09-04-2020",0,5
"Ontario","Simcoe Muskoka","10-04-2020",0,5
"Ontario","Simcoe Muskoka","11-04-2020",3,8
"Ontario","Simcoe Muskoka","12-04-2020",0,8
"Ontario","Simcoe Muskoka","13-04-2020",0,8
"Ontario","Simcoe Muskoka","14-04-2020",1,9
"Ontario","Simcoe Muskoka","15-04-2020",2,11
"Ontario","Simcoe Muskoka","16-04-2020",1,12
"Ontario","Simcoe Muskoka","17-04-2020",0,12
"Ontario","Simcoe Muskoka","18-04-2020",0,12
"Ontario","Simcoe Muskoka","19-04-2020",0,12
"Ontario","Simcoe Muskoka","20-04-2020",0,12
"Ontario","Simcoe Muskoka","21-04-2020",2,14
"Ontario","Simcoe Muskoka","22-04-2020",1,15
"Ontario","Simcoe Muskoka","23-04-2020",0,15
"Ontario","Simcoe Muskoka","24-04-2020",0,15
"Ontario","Simcoe Muskoka","25-04-2020",0,15
"Ontario","Simcoe Muskoka","26-04-2020",0,15
"Ontario","Simcoe Muskoka","27-04-2020",0,15
"Ontario","Simcoe Muskoka","28-04-2020",0,15
"Ontario","Simcoe Muskoka","29-04-2020",0,15
"Ontario","Simcoe Muskoka","30-04-2020",1,16
"Ontario","Southwestern","08-03-2020",0,0
"Ontario","Southwestern","09-03-2020",0,0
"Ontario","Southwestern","10-03-2020",0,0
"Ontario","Southwestern","11-03-2020",0,0
"Ontario","Southwestern","12-03-2020",0,0
"Ontario","Southwestern","13-03-2020",0,0
"Ontario","Southwestern","14-03-2020",0,0
"Ontario","Southwestern","15-03-2020",0,0
"Ontario","Southwestern","16-03-2020",0,0
"Ontario","Southwestern","17-03-2020",0,0
"Ontario","Southwestern","18-03-2020",0,0
"Ontario","Southwestern","19-03-2020",0,0
"Ontario","Southwestern","20-03-2020",0,0
"Ontario","Southwestern","21-03-2020",0,0
"Ontario","Southwestern","22-03-2020",0,0
"Ontario","Southwestern","23-03-2020",0,0
"Ontario","Southwestern","24-03-2020",0,0
"Ontario","Southwestern","25-03-2020",0,0
"Ontario","Southwestern","26-03-2020",0,0
"Ontario","Southwestern","27-03-2020",0,0
"Ontario","Southwestern","28-03-2020",0,0
"Ontario","Southwestern","29-03-2020",0,0
"Ontario","Southwestern","30-03-2020",0,0
"Ontario","Southwestern","31-03-2020",1,1
"Ontario","Southwestern","01-04-2020",1,2
"Ontario","Southwestern","02-04-2020",0,2
"Ontario","Southwestern","03-04-2020",0,2
"Ontario","Southwestern","04-04-2020",0,2
"Ontario","Southwestern","05-04-2020",0,2
"Ontario","Southwestern","06-04-2020",0,2
"Ontario","Southwestern","07-04-2020",0,2
"Ontario","Southwestern","08-04-2020",0,2
"Ontario","Southwestern","09-04-2020",0,2
"Ontario","Southwestern","10-04-2020",0,2
"Ontario","Southwestern","11-04-2020",0,2
"Ontario","Southwestern","12-04-2020",0,2
"Ontario","Southwestern","13-04-2020",1,3
"Ontario","Southwestern","14-04-2020",0,3
"Ontario","Southwestern","15-04-2020",0,3
"Ontario","Southwestern","16-04-2020",0,3
"Ontario","Southwestern","17-04-2020",0,3
"Ontario","Southwestern","18-04-2020",0,3
"Ontario","Southwestern","19-04-2020",0,3
"Ontario","Southwestern","20-04-2020",0,3
"Ontario","Southwestern","21-04-2020",0,3
"Ontario","Southwestern","22-04-2020",1,4
"Ontario","Southwestern","23-04-2020",0,4
"Ontario","Southwestern","24-04-2020",0,4
"Ontario","Southwestern","25-04-2020",0,4
"Ontario","Southwestern","26-04-2020",0,4
"Ontario","Southwestern","27-04-2020",0,4
"Ontario","Southwestern","28-04-2020",0,4
"Ontario","Southwestern","29-04-2020",0,4
"Ontario","Southwestern","30-04-2020",0,4
"Ontario","Sudbury","08-03-2020",0,0
"Ontario","Sudbury","09-03-2020",0,0
"Ontario","Sudbury","10-03-2020",0,0
"Ontario","Sudbury","11-03-2020",0,0
"Ontario","Sudbury","12-03-2020",0,0
"Ontario","Sudbury","13-03-2020",0,0
"Ontario","Sudbury","14-03-2020",0,0
"Ontario","Sudbury","15-03-2020",0,0
"Ontario","Sudbury","16-03-2020",0,0
"Ontario","Sudbury","17-03-2020",0,0
"Ontario","Sudbury","18-03-2020",0,0
"Ontario","Sudbury","19-03-2020",0,0
"Ontario","Sudbury","20-03-2020",0,0
"Ontario","Sudbury","21-03-2020",0,0
"Ontario","Sudbury","22-03-2020",0,0
"Ontario","Sudbury","23-03-2020",0,0
"Ontario","Sudbury","24-03-2020",0,0
"Ontario","Sudbury","25-03-2020",0,0
"Ontario","Sudbury","26-03-2020",0,0
"Ontario","Sudbury","27-03-2020",0,0
"Ontario","Sudbury","28-03-2020",0,0
"Ontario","Sudbury","29-03-2020",0,0
"Ontario","Sudbury","30-03-2020",0,0
"Ontario","Sudbury","31-03-2020",0,0
"Ontario","Sudbury","01-04-2020",0,0
"Ontario","Sudbury","02-04-2020",1,1
"Ontario","Sudbury","03-04-2020",0,1
"Ontario","Sudbury","04-04-2020",0,1
"Ontario","Sudbury","05-04-2020",0,1
"Ontario","Sudbury","06-04-2020",0,1
"Ontario","Sudbury","07-04-2020",0,1
"Ontario","Sudbury","08-04-2020",0,1
"Ontario","Sudbury","09-04-2020",0,1
"Ontario","Sudbury","10-04-2020",0,1
"Ontario","Sudbury","11-04-2020",0,1
"Ontario","Sudbury","12-04-2020",0,1
"Ontario","Sudbury","13-04-2020",0,1
"Ontario","Sudbury","14-04-2020",0,1
"Ontario","Sudbury","15-04-2020",0,1
"Ontario","Sudbury","16-04-2020",0,1
"Ontario","Sudbury","17-04-2020",0,1
"Ontario","Sudbury","18-04-2020",0,1
"Ontario","Sudbury","19-04-2020",0,1
"Ontario","Sudbury","20-04-2020",0,1
"Ontario","Sudbury","21-04-2020",0,1
"Ontario","Sudbury","22-04-2020",0,1
"Ontario","Sudbury","23-04-2020",0,1
"Ontario","Sudbury","24-04-2020",0,1
"Ontario","Sudbury","25-04-2020",0,1
"Ontario","Sudbury","26-04-2020",0,1
"Ontario","Sudbury","27-04-2020",0,1
"Ontario","Sudbury","28-04-2020",0,1
"Ontario","Sudbury","29-04-2020",0,1
"Ontario","Sudbury","30-04-2020",0,1
"Ontario","Thunder Bay","08-03-2020",0,0
"Ontario","Thunder Bay","09-03-2020",0,0
"Ontario","Thunder Bay","10-03-2020",0,0
"Ontario","Thunder Bay","11-03-2020",0,0
"Ontario","Thunder Bay","12-03-2020",0,0
"Ontario","Thunder Bay","13-03-2020",0,0
"Ontario","Thunder Bay","14-03-2020",0,0
"Ontario","Thunder Bay","15-03-2020",0,0
"Ontario","Thunder Bay","16-03-2020",0,0
"Ontario","Thunder Bay","17-03-2020",0,0
"Ontario","Thunder Bay","18-03-2020",0,0
"Ontario","Thunder Bay","19-03-2020",0,0
"Ontario","Thunder Bay","20-03-2020",0,0
"Ontario","Thunder Bay","21-03-2020",0,0
"Ontario","Thunder Bay","22-03-2020",0,0
"Ontario","Thunder Bay","23-03-2020",0,0
"Ontario","Thunder Bay","24-03-2020",0,0
"Ontario","Thunder Bay","25-03-2020",0,0
"Ontario","Thunder Bay","26-03-2020",0,0
"Ontario","Thunder Bay","27-03-2020",0,0
"Ontario","Thunder Bay","28-03-2020",0,0
"Ontario","Thunder Bay","29-03-2020",0,0
"Ontario","Thunder Bay","30-03-2020",0,0
"Ontario","Thunder Bay","31-03-2020",0,0
"Ontario","Thunder Bay","01-04-2020",0,0
"Ontario","Thunder Bay","02-04-2020",0,0
"Ontario","Thunder Bay","03-04-2020",0,0
"Ontario","Thunder Bay","04-04-2020",0,0
"Ontario","Thunder Bay","05-04-2020",0,0
"Ontario","Thunder Bay","06-04-2020",0,0
"Ontario","Thunder Bay","07-04-2020",0,0
"Ontario","Thunder Bay","08-04-2020",0,0
"Ontario","Thunder Bay","09-04-2020",0,0
"Ontario","Thunder Bay","10-04-2020",0,0
"Ontario","Thunder Bay","11-04-2020",0,0
"Ontario","Thunder Bay","12-04-2020",0,0
"Ontario","Thunder Bay","13-04-2020",0,0
"Ontario","Thunder Bay","14-04-2020",0,0
"Ontario","Thunder Bay","15-04-2020",0,0
"Ontario","Thunder Bay","16-04-2020",0,0
"Ontario","Thunder Bay","17-04-2020",0,0
"Ontario","Thunder Bay","18-04-2020",0,0
"Ontario","Thunder Bay","19-04-2020",0,0
"Ontario","Thunder Bay","20-04-2020",0,0
"Ontario","Thunder Bay","21-04-2020",0,0
"Ontario","Thunder Bay","22-04-2020",0,0
"Ontario","Thunder Bay","23-04-2020",0,0
"Ontario","Thunder Bay","24-04-2020",0,0
"Ontario","Thunder Bay","25-04-2020",0,0
"Ontario","Thunder Bay","26-04-2020",1,1
"Ontario","Thunder Bay","27-04-2020",0,1
"Ontario","Thunder Bay","28-04-2020",0,1
"Ontario","Thunder Bay","29-04-2020",0,1
"Ontario","Thunder Bay","30-04-2020",0,1
"Ontario","Toronto","08-03-2020",0,0
"Ontario","Toronto","09-03-2020",0,0
"Ontario","Toronto","10-03-2020",0,0
"Ontario","Toronto","11-03-2020",0,0
"Ontario","Toronto","12-03-2020",0,0
"Ontario","Toronto","13-03-2020",0,0
"Ontario","Toronto","14-03-2020",0,0
"Ontario","Toronto","15-03-2020",0,0
"Ontario","Toronto","16-03-2020",0,0
"Ontario","Toronto","17-03-2020",0,0
"Ontario","Toronto","18-03-2020",0,0
"Ontario","Toronto","19-03-2020",0,0
"Ontario","Toronto","20-03-2020",0,0
"Ontario","Toronto","21-03-2020",0,0
"Ontario","Toronto","22-03-2020",1,1
"Ontario","Toronto","23-03-2020",0,1
"Ontario","Toronto","24-03-2020",0,1
"Ontario","Toronto","25-03-2020",3,4
"Ontario","Toronto","26-03-2020",0,4
"Ontario","Toronto","27-03-2020",0,4
"Ontario","Toronto","28-03-2020",0,4
"Ontario","Toronto","29-03-2020",0,4
"Ontario","Toronto","30-03-2020",2,6
"Ontario","Toronto","31-03-2020",2,8
"Ontario","Toronto","01-04-2020",3,11
"Ontario","Toronto","02-04-2020",0,11
"Ontario","Toronto","03-04-2020",2,13
"Ontario","Toronto","04-04-2020",12,25
"Ontario","Toronto","05-04-2020",2,27
"Ontario","Toronto","06-04-2020",5,32
"Ontario","Toronto","07-04-2020",10,42
"Ontario","Toronto","08-04-2020",7,49
"Ontario","Toronto","09-04-2020",5,54
"Ontario","Toronto","10-04-2020",23,77
"Ontario","Toronto","11-04-2020",2,79
"Ontario","Toronto","12-04-2020",0,79
"Ontario","Toronto","13-04-2020",13,92
"Ontario","Toronto","14-04-2020",23,115
"Ontario","Toronto","15-04-2020",6,121
"Ontario","Toronto","16-04-2020",26,147
"Ontario","Toronto","17-04-2020",7,154
"Ontario","Toronto","18-04-2020",8,162
"Ontario","Toronto","19-04-2020",11,173
"Ontario","Toronto","20-04-2020",8,181
"Ontario","Toronto","21-04-2020",9,190
"Ontario","Toronto","22-04-2020",20,210
"Ontario","Toronto","23-04-2020",12,222
"Ontario","Toronto","24-04-2020",16,238
"Ontario","Toronto","25-04-2020",15,253
"Ontario","Toronto","26-04-2020",21,274
"Ontario","Toronto","27-04-2020",23,297
"Ontario","Toronto","28-04-2020",8,305
"Ontario","Toronto","29-04-2020",42,347
"Ontario","Toronto","30-04-2020",19,366
"Ontario","Waterloo","08-03-2020",0,0
"Ontario","Waterloo","09-03-2020",0,0
"Ontario","Waterloo","10-03-2020",0,0
"Ontario","Waterloo","11-03-2020",0,0
"Ontario","Waterloo","12-03-2020",0,0
"Ontario","Waterloo","13-03-2020",0,0
"Ontario","Waterloo","14-03-2020",0,0
"Ontario","Waterloo","15-03-2020",0,0
"Ontario","Waterloo","16-03-2020",0,0
"Ontario","Waterloo","17-03-2020",0,0
"Ontario","Waterloo","18-03-2020",0,0
"Ontario","Waterloo","19-03-2020",0,0
"Ontario","Waterloo","20-03-2020",0,0
"Ontario","Waterloo","21-03-2020",0,0
"Ontario","Waterloo","22-03-2020",0,0
"Ontario","Waterloo","23-03-2020",0,0
"Ontario","Waterloo","24-03-2020",0,0
"Ontario","Waterloo","25-03-2020",0,0
"Ontario","Waterloo","26-03-2020",0,0
"Ontario","Waterloo","27-03-2020",0,0
"Ontario","Waterloo","28-03-2020",0,0
"Ontario","Waterloo","29-03-2020",0,0
"Ontario","Waterloo","30-03-2020",0,0
"Ontario","Waterloo","31-03-2020",1,1
"Ontario","Waterloo","01-04-2020",0,1
"Ontario","Waterloo","02-04-2020",1,2
"Ontario","Waterloo","03-04-2020",0,2
"Ontario","Waterloo","04-04-2020",0,2
"Ontario","Waterloo","05-04-2020",1,3
"Ontario","Waterloo","06-04-2020",0,3
"Ontario","Waterloo","07-04-2020",1,4
"Ontario","Waterloo","08-04-2020",3,7
"Ontario","Waterloo","09-04-2020",1,8
"Ontario","Waterloo","10-04-2020",1,9
"Ontario","Waterloo","11-04-2020",2,11
"Ontario","Waterloo","12-04-2020",0,11
"Ontario","Waterloo","13-04-2020",0,11
"Ontario","Waterloo","14-04-2020",2,13
"Ontario","Waterloo","15-04-2020",2,15
"Ontario","Waterloo","16-04-2020",2,17
"Ontario","Waterloo","17-04-2020",2,19
"Ontario","Waterloo","18-04-2020",4,23
"Ontario","Waterloo","19-04-2020",2,25
"Ontario","Waterloo","20-04-2020",2,27
"Ontario","Waterloo","21-04-2020",4,31
"Ontario","Waterloo","22-04-2020",0,31
"Ontario","Waterloo","23-04-2020",8,39
"Ontario","Waterloo","24-04-2020",6,45
"Ontario","Waterloo","25-04-2020",6,51
"Ontario","Waterloo","26-04-2020",4,55
"Ontario","Waterloo","27-04-2020",6,61
"Ontario","Waterloo","28-04-2020",5,66
"Ontario","Waterloo","29-04-2020",1,67
"Ontario","Waterloo","30-04-2020",1,68
"Ontario","Wellington Dufferin Guelph","08-03-2020",0,0
"Ontario","Wellington Dufferin Guelph","09-03-2020",0,0
"Ontario","Wellington Dufferin Guelph","10-03-2020",0,0
"Ontario","Wellington Dufferin Guelph","11-03-2020",0,0
"Ontario","Wellington Dufferin Guelph","12-03-2020",0,0
"Ontario","Wellington Dufferin Guelph","13-03-2020",0,0
"Ontario","Wellington Dufferin Guelph","14-03-2020",0,0
"Ontario","Wellington Dufferin Guelph","15-03-2020",0,0
"Ontario","Wellington Dufferin Guelph","16-03-2020",0,0
"Ontario","Wellington Dufferin Guelph","17-03-2020",0,0
"Ontario","Wellington Dufferin Guelph","18-03-2020",0,0
"Ontario","Wellington Dufferin Guelph","19-03-2020",0,0
"Ontario","Wellington Dufferin Guelph","20-03-2020",0,0
"Ontario","Wellington Dufferin Guelph","21-03-2020",0,0
"Ontario","Wellington Dufferin Guelph","22-03-2020",0,0
"Ontario","Wellington Dufferin Guelph","23-03-2020",0,0
"Ontario","Wellington Dufferin Guelph","24-03-2020",0,0
"Ontario","Wellington Dufferin Guelph","25-03-2020",0,0
"Ontario","Wellington Dufferin Guelph","26-03-2020",0,0
"Ontario","Wellington Dufferin Guelph","27-03-2020",0,0
"Ontario","Wellington Dufferin Guelph","28-03-2020",0,0
"Ontario","Wellington Dufferin Guelph","29-03-2020",0,0
"Ontario","Wellington Dufferin Guelph","30-03-2020",0,0
"Ontario","Wellington Dufferin Guelph","31-03-2020",0,0
"Ontario","Wellington Dufferin Guelph","01-04-2020",0,0
"Ontario","Wellington Dufferin Guelph","02-04-2020",1,1
"Ontario","Wellington Dufferin Guelph","03-04-2020",0,1
"Ontario","Wellington Dufferin Guelph","04-04-2020",0,1
"Ontario","Wellington Dufferin Guelph","05-04-2020",0,1
"Ontario","Wellington Dufferin Guelph","06-04-2020",0,1
"Ontario","Wellington Dufferin Guelph","07-04-2020",0,1
"Ontario","Wellington Dufferin Guelph","08-04-2020",0,1
"Ontario","Wellington Dufferin Guelph","09-04-2020",0,1
"Ontario","Wellington Dufferin Guelph","10-04-2020",1,2
"Ontario","Wellington Dufferin Guelph","11-04-2020",1,3
"Ontario","Wellington Dufferin Guelph","12-04-2020",0,3
"Ontario","Wellington Dufferin Guelph","13-04-2020",0,3
"Ontario","Wellington Dufferin Guelph","14-04-2020",0,3
"Ontario","Wellington Dufferin Guelph","15-04-2020",1,4
"Ontario","Wellington Dufferin Guelph","16-04-2020",4,8
"Ontario","Wellington Dufferin Guelph","17-04-2020",1,9
"Ontario","Wellington Dufferin Guelph","18-04-2020",3,12
"Ontario","Wellington Dufferin Guelph","19-04-2020",0,12
"Ontario","Wellington Dufferin Guelph","20-04-2020",0,12
"Ontario","Wellington Dufferin Guelph","21-04-2020",0,12
"Ontario","Wellington Dufferin Guelph","22-04-2020",1,13
"Ontario","Wellington Dufferin Guelph","23-04-2020",2,15
"Ontario","Wellington Dufferin Guelph","24-04-2020",0,15
"Ontario","Wellington Dufferin Guelph","25-04-2020",0,15
"Ontario","Wellington Dufferin Guelph","26-04-2020",2,17
"Ontario","Wellington Dufferin Guelph","27-04-2020",1,18
"Ontario","Wellington Dufferin Guelph","28-04-2020",1,19
"Ontario","Wellington Dufferin Guelph","29-04-2020",1,20
"Ontario","Wellington Dufferin Guelph","30-04-2020",1,21
"Ontario","Windsor-Essex","08-03-2020",0,0
"Ontario","Windsor-Essex","09-03-2020",0,0
"Ontario","Windsor-Essex","10-03-2020",0,0
"Ontario","Windsor-Essex","11-03-2020",0,0
"Ontario","Windsor-Essex","12-03-2020",0,0
"Ontario","Windsor-Essex","13-03-2020",0,0
"Ontario","Windsor-Essex","14-03-2020",0,0
"Ontario","Windsor-Essex","15-03-2020",0,0
"Ontario","Windsor-Essex","16-03-2020",0,0
"Ontario","Windsor-Essex","17-03-2020",0,0
"Ontario","Windsor-Essex","18-03-2020",0,0
"Ontario","Windsor-Essex","19-03-2020",0,0
"Ontario","Windsor-Essex","20-03-2020",0,0
"Ontario","Windsor-Essex","21-03-2020",0,0
"Ontario","Windsor-Essex","22-03-2020",0,0
"Ontario","Windsor-Essex","23-03-2020",0,0
"Ontario","Windsor-Essex","24-03-2020",0,0
"Ontario","Windsor-Essex","25-03-2020",0,0
"Ontario","Windsor-Essex","26-03-2020",0,0
"Ontario","Windsor-Essex","27-03-2020",0,0
"Ontario","Windsor-Essex","28-03-2020",0,0
"Ontario","Windsor-Essex","29-03-2020",0,0
"Ontario","Windsor-Essex","30-03-2020",0,0
"Ontario","Windsor-Essex","31-03-2020",0,0
"Ontario","Windsor-Essex","01-04-2020",1,1
"Ontario","Windsor-Essex","02-04-2020",0,1
"Ontario","Windsor-Essex","03-04-2020",2,3
"Ontario","Windsor-Essex","04-04-2020",0,3
"Ontario","Windsor-Essex","05-04-2020",0,3
"Ontario","Windsor-Essex","06-04-2020",0,3
"Ontario","Windsor-Essex","07-04-2020",3,6
"Ontario","Windsor-Essex","08-04-2020",1,7
"Ontario","Windsor-Essex","09-04-2020",0,7
"Ontario","Windsor-Essex","10-04-2020",1,8
"Ontario","Windsor-Essex","11-04-2020",0,8
"Ontario","Windsor-Essex","12-04-2020",0,8
"Ontario","Windsor-Essex","13-04-2020",0,8
"Ontario","Windsor-Essex","14-04-2020",5,13
"Ontario","Windsor-Essex","15-04-2020",3,16
"Ontario","Windsor-Essex","16-04-2020",2,18
"Ontario","Windsor-Essex","17-04-2020",3,21
"Ontario","Windsor-Essex","18-04-2020",3,24
"Ontario","Windsor-Essex","19-04-2020",3,27
"Ontario","Windsor-Essex","20-04-2020",0,27
"Ontario","Windsor-Essex","21-04-2020",4,31
"Ontario","Windsor-Essex","22-04-2020",0,31
"Ontario","Windsor-Essex","23-04-2020",1,32
"Ontario","Windsor-Essex","24-04-2020",3,35
"Ontario","Windsor-Essex","25-04-2020",3,38
"Ontario","Windsor-Essex","26-04-2020",0,38
"Ontario","Windsor-Essex","27-04-2020",0,38
"Ontario","Windsor-Essex","28-04-2020",5,43
"Ontario","Windsor-Essex","29-04-2020",6,49
"Ontario","Windsor-Essex","30-04-2020",1,50
"Ontario","York","08-03-2020",0,0
"Ontario","York","09-03-2020",0,0
"Ontario","York","10-03-2020",0,0
"Ontario","York","11-03-2020",0,0
"Ontario","York","12-03-2020",0,0
"Ontario","York","13-03-2020",0,0
"Ontario","York","14-03-2020",0,0
"Ontario","York","15-03-2020",0,0
"Ontario","York","16-03-2020",0,0
"Ontario","York","17-03-2020",0,0
"Ontario","York","18-03-2020",0,0
"Ontario","York","19-03-2020",0,0
"Ontario","York","20-03-2020",0,0
"Ontario","York","21-03-2020",0,0
"Ontario","York","22-03-2020",1,1
"Ontario","York","23-03-2020",0,1
"Ontario","York","24-03-2020",0,1
"Ontario","York","25-03-2020",0,1
"Ontario","York","26-03-2020",0,1
"Ontario","York","27-03-2020",1,2
"Ontario","York","28-03-2020",0,2
"Ontario","York","29-03-2020",0,2
"Ontario","York","30-03-2020",2,4
"Ontario","York","31-03-2020",2,6
"Ontario","York","01-04-2020",0,6
"Ontario","York","02-04-2020",1,7
"Ontario","York","03-04-2020",6,13
"Ontario","York","04-04-2020",1,14
"Ontario","York","05-04-2020",2,16
"Ontario","York","06-04-2020",1,17
"Ontario","York","07-04-2020",2,19
"Ontario","York","08-04-2020",4,23
"Ontario","York","09-04-2020",1,24
"Ontario","York","10-04-2020",0,24
"Ontario","York","11-04-2020",2,26
"Ontario","York","12-04-2020",3,29
"Ontario","York","13-04-2020",6,35
"Ontario","York","14-04-2020",6,41
"Ontario","York","15-04-2020",1,42
"Ontario","York","16-04-2020",3,45
"Ontario","York","17-04-2020",1,46
"Ontario","York","18-04-2020",1,47
"Ontario","York","19-04-2020",4,51
"Ontario","York","20-04-2020",1,52
"Ontario","York","21-04-2020",8,60
"Ontario","York","22-04-2020",5,65
"Ontario","York","23-04-2020",3,68
"Ontario","York","24-04-2020",8,76
"Ontario","York","25-04-2020",5,81
"Ontario","York","26-04-2020",1,82
"Ontario","York","27-04-2020",5,87
"Ontario","York","28-04-2020",3,90
"Ontario","York","29-04-2020",6,96
"Ontario","York","30-04-2020",5,101
"Quebec","Abitibi-Tmiscamingue","08-03-2020",0,0
"Quebec","Abitibi-Tmiscamingue","09-03-2020",0,0
"Quebec","Abitibi-Tmiscamingue","10-03-2020",0,0
"Quebec","Abitibi-Tmiscamingue","11-03-2020",0,0
"Quebec","Abitibi-Tmiscamingue","12-03-2020",0,0
"Quebec","Abitibi-Tmiscamingue","13-03-2020",0,0
"Quebec","Abitibi-Tmiscamingue","14-03-2020",0,0
"Quebec","Abitibi-Tmiscamingue","15-03-2020",0,0
"Quebec","Abitibi-Tmiscamingue","16-03-2020",0,0
"Quebec","Abitibi-Tmiscamingue","17-03-2020",0,0
"Quebec","Abitibi-Tmiscamingue","18-03-2020",0,0
"Quebec","Abitibi-Tmiscamingue","19-03-2020",0,0
"Quebec","Abitibi-Tmiscamingue","20-03-2020",0,0
"Quebec","Abitibi-Tmiscamingue","21-03-2020",0,0
"Quebec","Abitibi-Tmiscamingue","22-03-2020",0,0
"Quebec","Abitibi-Tmiscamingue","23-03-2020",0,0
"Quebec","Abitibi-Tmiscamingue","24-03-2020",0,0
"Quebec","Abitibi-Tmiscamingue","25-03-2020",0,0
"Quebec","Abitibi-Tmiscamingue","26-03-2020",0,0
"Quebec","Abitibi-Tmiscamingue","27-03-2020",0,0
"Quebec","Abitibi-Tmiscamingue","28-03-2020",1,1
"Quebec","Abitibi-Tmiscamingue","29-03-2020",0,1
"Quebec","Abitibi-Tmiscamingue","30-03-2020",0,1
"Quebec","Abitibi-Tmiscamingue","31-03-2020",0,1
"Quebec","Abitibi-Tmiscamingue","01-04-2020",0,1
"Quebec","Abitibi-Tmiscamingue","02-04-2020",0,1
"Quebec","Abitibi-Tmiscamingue","03-04-2020",0,1
"Quebec","Abitibi-Tmiscamingue","04-04-2020",1,2
"Quebec","Abitibi-Tmiscamingue","05-04-2020",0,2
"Quebec","Abitibi-Tmiscamingue","06-04-2020",0,2
"Quebec","Abitibi-Tmiscamingue","07-04-2020",0,2
"Quebec","Abitibi-Tmiscamingue","08-04-2020",0,2
"Quebec","Abitibi-Tmiscamingue","09-04-2020",0,2
"Quebec","Abitibi-Tmiscamingue","10-04-2020",0,2
"Quebec","Abitibi-Tmiscamingue","11-04-2020",0,2
"Quebec","Abitibi-Tmiscamingue","12-04-2020",0,2
"Quebec","Abitibi-Tmiscamingue","13-04-2020",0,2
"Quebec","Abitibi-Tmiscamingue","14-04-2020",0,2
"Quebec","Abitibi-Tmiscamingue","15-04-2020",0,2
"Quebec","Abitibi-Tmiscamingue","16-04-2020",0,2
"Quebec","Abitibi-Tmiscamingue","17-04-2020",0,2
"Quebec","Abitibi-Tmiscamingue","18-04-2020",0,2
"Quebec","Abitibi-Tmiscamingue","19-04-2020",0,2
"Quebec","Abitibi-Tmiscamingue","20-04-2020",0,2
"Quebec","Abitibi-Tmiscamingue","21-04-2020",0,2
"Quebec","Abitibi-Tmiscamingue","22-04-2020",1,3
"Quebec","Abitibi-Tmiscamingue","23-04-2020",0,3
"Quebec","Abitibi-Tmiscamingue","24-04-2020",0,3
"Quebec","Abitibi-Tmiscamingue","25-04-2020",0,3
"Quebec","Abitibi-Tmiscamingue","26-04-2020",0,3
"Quebec","Abitibi-Tmiscamingue","27-04-2020",0,3
"Quebec","Abitibi-Tmiscamingue","28-04-2020",0,3
"Quebec","Abitibi-Tmiscamingue","29-04-2020",0,3
"Quebec","Abitibi-Tmiscamingue","30-04-2020",0,3
"Quebec","Bas-Saint-Laurent","08-03-2020",0,0
"Quebec","Bas-Saint-Laurent","09-03-2020",0,0
"Quebec","Bas-Saint-Laurent","10-03-2020",0,0
"Quebec","Bas-Saint-Laurent","11-03-2020",0,0
"Quebec","Bas-Saint-Laurent","12-03-2020",0,0
"Quebec","Bas-Saint-Laurent","13-03-2020",0,0
"Quebec","Bas-Saint-Laurent","14-03-2020",0,0
"Quebec","Bas-Saint-Laurent","15-03-2020",0,0
"Quebec","Bas-Saint-Laurent","16-03-2020",0,0
"Quebec","Bas-Saint-Laurent","17-03-2020",0,0
"Quebec","Bas-Saint-Laurent","18-03-2020",0,0
"Quebec","Bas-Saint-Laurent","19-03-2020",0,0
"Quebec","Bas-Saint-Laurent","20-03-2020",0,0
"Quebec","Bas-Saint-Laurent","21-03-2020",0,0
"Quebec","Bas-Saint-Laurent","22-03-2020",0,0
"Quebec","Bas-Saint-Laurent","23-03-2020",0,0
"Quebec","Bas-Saint-Laurent","24-03-2020",0,0
"Quebec","Bas-Saint-Laurent","25-03-2020",1,1
"Quebec","Bas-Saint-Laurent","26-03-2020",0,1
"Quebec","Bas-Saint-Laurent","27-03-2020",0,1
"Quebec","Bas-Saint-Laurent","28-03-2020",0,1
"Quebec","Bas-Saint-Laurent","29-03-2020",0,1
"Quebec","Bas-Saint-Laurent","30-03-2020",0,1
"Quebec","Bas-Saint-Laurent","31-03-2020",0,1
"Quebec","Bas-Saint-Laurent","01-04-2020",0,1
"Quebec","Bas-Saint-Laurent","02-04-2020",0,1
"Quebec","Bas-Saint-Laurent","03-04-2020",0,1
"Quebec","Bas-Saint-Laurent","04-04-2020",0,1
"Quebec","Bas-Saint-Laurent","05-04-2020",0,1
"Quebec","Bas-Saint-Laurent","06-04-2020",0,1
"Quebec","Bas-Saint-Laurent","07-04-2020",0,1
"Quebec","Bas-Saint-Laurent","08-04-2020",0,1
"Quebec","Bas-Saint-Laurent","09-04-2020",0,1
"Quebec","Bas-Saint-Laurent","10-04-2020",0,1
"Quebec","Bas-Saint-Laurent","11-04-2020",0,1
"Quebec","Bas-Saint-Laurent","12-04-2020",0,1
"Quebec","Bas-Saint-Laurent","13-04-2020",0,1
"Quebec","Bas-Saint-Laurent","14-04-2020",0,1
"Quebec","Bas-Saint-Laurent","15-04-2020",0,1
"Quebec","Bas-Saint-Laurent","16-04-2020",0,1
"Quebec","Bas-Saint-Laurent","17-04-2020",0,1
"Quebec","Bas-Saint-Laurent","18-04-2020",0,1
"Quebec","Bas-Saint-Laurent","19-04-2020",0,1
"Quebec","Bas-Saint-Laurent","20-04-2020",0,1
"Quebec","Bas-Saint-Laurent","21-04-2020",0,1
"Quebec","Bas-Saint-Laurent","22-04-2020",0,1
"Quebec","Bas-Saint-Laurent","23-04-2020",0,1
"Quebec","Bas-Saint-Laurent","24-04-2020",0,1
"Quebec","Bas-Saint-Laurent","25-04-2020",0,1
"Quebec","Bas-Saint-Laurent","26-04-2020",0,1
"Quebec","Bas-Saint-Laurent","27-04-2020",0,1
"Quebec","Bas-Saint-Laurent","28-04-2020",0,1
"Quebec","Bas-Saint-Laurent","29-04-2020",0,1
"Quebec","Bas-Saint-Laurent","30-04-2020",0,1
"Quebec","Capitale-Nationale","08-03-2020",0,0
"Quebec","Capitale-Nationale","09-03-2020",0,0
"Quebec","Capitale-Nationale","10-03-2020",0,0
"Quebec","Capitale-Nationale","11-03-2020",0,0
"Quebec","Capitale-Nationale","12-03-2020",0,0
"Quebec","Capitale-Nationale","13-03-2020",0,0
"Quebec","Capitale-Nationale","14-03-2020",0,0
"Quebec","Capitale-Nationale","15-03-2020",0,0
"Quebec","Capitale-Nationale","16-03-2020",0,0
"Quebec","Capitale-Nationale","17-03-2020",0,0
"Quebec","Capitale-Nationale","18-03-2020",0,0
"Quebec","Capitale-Nationale","19-03-2020",0,0
"Quebec","Capitale-Nationale","20-03-2020",0,0
"Quebec","Capitale-Nationale","21-03-2020",0,0
"Quebec","Capitale-Nationale","22-03-2020",0,0
"Quebec","Capitale-Nationale","23-03-2020",0,0
"Quebec","Capitale-Nationale","24-03-2020",0,0
"Quebec","Capitale-Nationale","25-03-2020",0,0
"Quebec","Capitale-Nationale","26-03-2020",0,0
"Quebec","Capitale-Nationale","27-03-2020",0,0
"Quebec","Capitale-Nationale","28-03-2020",0,0
"Quebec","Capitale-Nationale","29-03-2020",0,0
"Quebec","Capitale-Nationale","30-03-2020",1,1
"Quebec","Capitale-Nationale","31-03-2020",0,1
"Quebec","Capitale-Nationale","01-04-2020",0,1
"Quebec","Capitale-Nationale","02-04-2020",1,2
"Quebec","Capitale-Nationale","03-04-2020",0,2
"Quebec","Capitale-Nationale","04-04-2020",0,2
"Quebec","Capitale-Nationale","05-04-2020",1,3
"Quebec","Capitale-Nationale","06-04-2020",0,3
"Quebec","Capitale-Nationale","07-04-2020",0,3
"Quebec","Capitale-Nationale","08-04-2020",4,7
"Quebec","Capitale-Nationale","09-04-2020",2,9
"Quebec","Capitale-Nationale","10-04-2020",1,10
"Quebec","Capitale-Nationale","11-04-2020",3,13
"Quebec","Capitale-Nationale","12-04-2020",2,15
"Quebec","Capitale-Nationale","13-04-2020",1,16
"Quebec","Capitale-Nationale","14-04-2020",1,17
"Quebec","Capitale-Nationale","15-04-2020",3,20
"Quebec","Capitale-Nationale","16-04-2020",2,22
"Quebec","Capitale-Nationale","17-04-2020",0,22
"Quebec","Capitale-Nationale","18-04-2020",3,25
"Quebec","Capitale-Nationale","19-04-2020",0,25
"Quebec","Capitale-Nationale","20-04-2020",8,33
"Quebec","Capitale-Nationale","21-04-2020",1,34
"Quebec","Capitale-Nationale","22-04-2020",2,36
"Quebec","Capitale-Nationale","23-04-2020",1,37
"Quebec","Capitale-Nationale","24-04-2020",0,37
"Quebec","Capitale-Nationale","25-04-2020",0,37
"Quebec","Capitale-Nationale","26-04-2020",0,37
"Quebec","Capitale-Nationale","27-04-2020",4,41
"Quebec","Capitale-Nationale","28-04-2020",4,45
"Quebec","Capitale-Nationale","29-04-2020",1,46
"Quebec","Capitale-Nationale","30-04-2020",2,48
"Quebec","Chaudire-Appalaches","08-03-2020",0,0
"Quebec","Chaudire-Appalaches","09-03-2020",0,0
"Quebec","Chaudire-Appalaches","10-03-2020",0,0
"Quebec","Chaudire-Appalaches","11-03-2020",0,0
"Quebec","Chaudire-Appalaches","12-03-2020",0,0
"Quebec","Chaudire-Appalaches","13-03-2020",0,0
"Quebec","Chaudire-Appalaches","14-03-2020",0,0
"Quebec","Chaudire-Appalaches","15-03-2020",0,0
"Quebec","Chaudire-Appalaches","16-03-2020",0,0
"Quebec","Chaudire-Appalaches","17-03-2020",0,0
"Quebec","Chaudire-Appalaches","18-03-2020",0,0
"Quebec","Chaudire-Appalaches","19-03-2020",0,0
"Quebec","Chaudire-Appalaches","20-03-2020",0,0
"Quebec","Chaudire-Appalaches","21-03-2020",0,0
"Quebec","Chaudire-Appalaches","22-03-2020",0,0
"Quebec","Chaudire-Appalaches","23-03-2020",0,0
"Quebec","Chaudire-Appalaches","24-03-2020",0,0
"Quebec","Chaudire-Appalaches","25-03-2020",0,0
"Quebec","Chaudire-Appalaches","26-03-2020",0,0
"Quebec","Chaudire-Appalaches","27-03-2020",0,0
"Quebec","Chaudire-Appalaches","28-03-2020",0,0
"Quebec","Chaudire-Appalaches","29-03-2020",0,0
"Quebec","Chaudire-Appalaches","30-03-2020",0,0
"Quebec","Chaudire-Appalaches","31-03-2020",0,0
"Quebec","Chaudire-Appalaches","01-04-2020",0,0
"Quebec","Chaudire-Appalaches","02-04-2020",0,0
"Quebec","Chaudire-Appalaches","03-04-2020",0,0
"Quebec","Chaudire-Appalaches","04-04-2020",0,0
"Quebec","Chaudire-Appalaches","05-04-2020",1,1
"Quebec","Chaudire-Appalaches","06-04-2020",0,1
"Quebec","Chaudire-Appalaches","07-04-2020",0,1
"Quebec","Chaudire-Appalaches","08-04-2020",0,1
"Quebec","Chaudire-Appalaches","09-04-2020",1,2
"Quebec","Chaudire-Appalaches","10-04-2020",0,2
"Quebec","Chaudire-Appalaches","11-04-2020",1,3
"Quebec","Chaudire-Appalaches","12-04-2020",0,3
"Quebec","Chaudire-Appalaches","13-04-2020",0,3
"Quebec","Chaudire-Appalaches","14-04-2020",2,5
"Quebec","Chaudire-Appalaches","15-04-2020",1,6
"Quebec","Chaudire-Appalaches","16-04-2020",0,6
"Quebec","Chaudire-Appalaches","17-04-2020",1,7
"Quebec","Chaudire-Appalaches","18-04-2020",0,7
"Quebec","Chaudire-Appalaches","19-04-2020",0,7
"Quebec","Chaudire-Appalaches","20-04-2020",0,7
"Quebec","Chaudire-Appalaches","21-04-2020",0,7
"Quebec","Chaudire-Appalaches","22-04-2020",0,7
"Quebec","Chaudire-Appalaches","23-04-2020",0,7
"Quebec","Chaudire-Appalaches","24-04-2020",0,7
"Quebec","Chaudire-Appalaches","25-04-2020",0,7
"Quebec","Chaudire-Appalaches","26-04-2020",0,7
"Quebec","Chaudire-Appalaches","27-04-2020",0,7
"Quebec","Chaudire-Appalaches","28-04-2020",0,7
"Quebec","Chaudire-Appalaches","29-04-2020",0,7
"Quebec","Chaudire-Appalaches","30-04-2020",0,7
"Quebec","Estrie","08-03-2020",0,0
"Quebec","Estrie","09-03-2020",0,0
"Quebec","Estrie","10-03-2020",0,0
"Quebec","Estrie","11-03-2020",0,0
"Quebec","Estrie","12-03-2020",0,0
"Quebec","Estrie","13-03-2020",0,0
"Quebec","Estrie","14-03-2020",0,0
"Quebec","Estrie","15-03-2020",0,0
"Quebec","Estrie","16-03-2020",0,0
"Quebec","Estrie","17-03-2020",0,0
"Quebec","Estrie","18-03-2020",0,0
"Quebec","Estrie","19-03-2020",0,0
"Quebec","Estrie","20-03-2020",0,0
"Quebec","Estrie","21-03-2020",0,0
"Quebec","Estrie","22-03-2020",0,0
"Quebec","Estrie","23-03-2020",0,0
"Quebec","Estrie","24-03-2020",0,0
"Quebec","Estrie","25-03-2020",1,1
"Quebec","Estrie","26-03-2020",0,1
"Quebec","Estrie","27-03-2020",0,1
"Quebec","Estrie","28-03-2020",0,1
"Quebec","Estrie","29-03-2020",0,1
"Quebec","Estrie","30-03-2020",0,1
"Quebec","Estrie","31-03-2020",0,1
"Quebec","Estrie","01-04-2020",1,2
"Quebec","Estrie","02-04-2020",0,2
"Quebec","Estrie","03-04-2020",2,4
"Quebec","Estrie","04-04-2020",1,5
"Quebec","Estrie","05-04-2020",3,8
"Quebec","Estrie","06-04-2020",3,11
"Quebec","Estrie","07-04-2020",2,13
"Quebec","Estrie","08-04-2020",0,13
"Quebec","Estrie","09-04-2020",0,13
"Quebec","Estrie","10-04-2020",3,16
"Quebec","Estrie","11-04-2020",0,16
"Quebec","Estrie","12-04-2020",0,16
"Quebec","Estrie","13-04-2020",2,18
"Quebec","Estrie","14-04-2020",0,18
"Quebec","Estrie","15-04-2020",0,18
"Quebec","Estrie","16-04-2020",3,21
"Quebec","Estrie","17-04-2020",0,21
"Quebec","Estrie","18-04-2020",0,21
"Quebec","Estrie","19-04-2020",1,22
"Quebec","Estrie","20-04-2020",0,22
"Quebec","Estrie","21-04-2020",0,22
"Quebec","Estrie","22-04-2020",1,23
"Quebec","Estrie","23-04-2020",1,24
"Quebec","Estrie","24-04-2020",1,25
"Quebec","Estrie","25-04-2020",0,25
"Quebec","Estrie","26-04-2020",0,25
"Quebec","Estrie","27-04-2020",0,25
"Quebec","Estrie","28-04-2020",0,25
"Quebec","Estrie","29-04-2020",0,25
"Quebec","Estrie","30-04-2020",1,26
"Quebec","Gaspsie-les-de-la-Madeleine","08-03-2020",0,0
"Quebec","Gaspsie-les-de-la-Madeleine","09-03-2020",0,0
"Quebec","Gaspsie-les-de-la-Madeleine","10-03-2020",0,0
"Quebec","Gaspsie-les-de-la-Madeleine","11-03-2020",0,0
"Quebec","Gaspsie-les-de-la-Madeleine","12-03-2020",0,0
"Quebec","Gaspsie-les-de-la-Madeleine","13-03-2020",0,0
"Quebec","Gaspsie-les-de-la-Madeleine","14-03-2020",0,0
"Quebec","Gaspsie-les-de-la-Madeleine","15-03-2020",0,0
"Quebec","Gaspsie-les-de-la-Madeleine","16-03-2020",0,0
"Quebec","Gaspsie-les-de-la-Madeleine","17-03-2020",0,0
"Quebec","Gaspsie-les-de-la-Madeleine","18-03-2020",0,0
"Quebec","Gaspsie-les-de-la-Madeleine","19-03-2020",0,0
"Quebec","Gaspsie-les-de-la-Madeleine","20-03-2020",0,0
"Quebec","Gaspsie-les-de-la-Madeleine","21-03-2020",0,0
"Quebec","Gaspsie-les-de-la-Madeleine","22-03-2020",0,0
"Quebec","Gaspsie-les-de-la-Madeleine","23-03-2020",0,0
"Quebec","Gaspsie-les-de-la-Madeleine","24-03-2020",0,0
"Quebec","Gaspsie-les-de-la-Madeleine","25-03-2020",0,0
"Quebec","Gaspsie-les-de-la-Madeleine","26-03-2020",0,0
"Quebec","Gaspsie-les-de-la-Madeleine","27-03-2020",0,0
"Quebec","Gaspsie-les-de-la-Madeleine","28-03-2020",0,0
"Quebec","Gaspsie-les-de-la-Madeleine","29-03-2020",0,0
"Quebec","Gaspsie-les-de-la-Madeleine","30-03-2020",0,0
"Quebec","Gaspsie-les-de-la-Madeleine","31-03-2020",0,0
"Quebec","Gaspsie-les-de-la-Madeleine","01-04-2020",0,0
"Quebec","Gaspsie-les-de-la-Madeleine","02-04-2020",0,0
"Quebec","Gaspsie-les-de-la-Madeleine","03-04-2020",0,0
"Quebec","Gaspsie-les-de-la-Madeleine","04-04-2020",0,0
"Quebec","Gaspsie-les-de-la-Madeleine","05-04-2020",1,1
"Quebec","Gaspsie-les-de-la-Madeleine","06-04-2020",1,2
"Quebec","Gaspsie-les-de-la-Madeleine","07-04-2020",0,2
"Quebec","Gaspsie-les-de-la-Madeleine","08-04-2020",1,3
"Quebec","Gaspsie-les-de-la-Madeleine","09-04-2020",0,3
"Quebec","Gaspsie-les-de-la-Madeleine","10-04-2020",0,3
"Quebec","Gaspsie-les-de-la-Madeleine","11-04-2020",0,3
"Quebec","Gaspsie-les-de-la-Madeleine","12-04-2020",0,3
"Quebec","Gaspsie-les-de-la-Madeleine","13-04-2020",1,4
"Quebec","Gaspsie-les-de-la-Madeleine","14-04-2020",0,4
"Quebec","Gaspsie-les-de-la-Madeleine","15-04-2020",2,6
"Quebec","Gaspsie-les-de-la-Madeleine","16-04-2020",0,6
"Quebec","Gaspsie-les-de-la-Madeleine","17-04-2020",0,6
"Quebec","Gaspsie-les-de-la-Madeleine","18-04-2020",0,6
"Quebec","Gaspsie-les-de-la-Madeleine","19-04-2020",0,6
"Quebec","Gaspsie-les-de-la-Madeleine","20-04-2020",0,6
"Quebec","Gaspsie-les-de-la-Madeleine","21-04-2020",0,6
"Quebec","Gaspsie-les-de-la-Madeleine","22-04-2020",0,6
"Quebec","Gaspsie-les-de-la-Madeleine","23-04-2020",0,6
"Quebec","Gaspsie-les-de-la-Madeleine","24-04-2020",0,6
"Quebec","Gaspsie-les-de-la-Madeleine","25-04-2020",0,6
"Quebec","Gaspsie-les-de-la-Madeleine","26-04-2020",0,6
"Quebec","Gaspsie-les-de-la-Madeleine","27-04-2020",0,6
"Quebec","Gaspsie-les-de-la-Madeleine","28-04-2020",0,6
"Quebec","Gaspsie-les-de-la-Madeleine","29-04-2020",0,6
"Quebec","Gaspsie-les-de-la-Madeleine","30-04-2020",1,7
"Quebec","Lanaudire","08-03-2020",0,0
"Quebec","Lanaudire","09-03-2020",0,0
"Quebec","Lanaudire","10-03-2020",0,0
"Quebec","Lanaudire","11-03-2020",0,0
"Quebec","Lanaudire","12-03-2020",0,0
"Quebec","Lanaudire","13-03-2020",0,0
"Quebec","Lanaudire","14-03-2020",0,0
"Quebec","Lanaudire","15-03-2020",0,0
"Quebec","Lanaudire","16-03-2020",0,0
"Quebec","Lanaudire","17-03-2020",0,0
"Quebec","Lanaudire","18-03-2020",1,1
"Quebec","Lanaudire","19-03-2020",0,1
"Quebec","Lanaudire","20-03-2020",0,1
"Quebec","Lanaudire","21-03-2020",3,4
"Quebec","Lanaudire","22-03-2020",0,4
"Quebec","Lanaudire","23-03-2020",0,4
"Quebec","Lanaudire","24-03-2020",0,4
"Quebec","Lanaudire","25-03-2020",0,4
"Quebec","Lanaudire","26-03-2020",0,4
"Quebec","Lanaudire","27-03-2020",3,7
"Quebec","Lanaudire","28-03-2020",0,7
"Quebec","Lanaudire","29-03-2020",0,7
"Quebec","Lanaudire","30-03-2020",0,7
"Quebec","Lanaudire","31-03-2020",2,9
"Quebec","Lanaudire","01-04-2020",0,9
"Quebec","Lanaudire","02-04-2020",2,11
"Quebec","Lanaudire","03-04-2020",0,11
"Quebec","Lanaudire","04-04-2020",1,12
"Quebec","Lanaudire","05-04-2020",0,12
"Quebec","Lanaudire","06-04-2020",0,12
"Quebec","Lanaudire","07-04-2020",0,12
"Quebec","Lanaudire","08-04-2020",2,14
"Quebec","Lanaudire","09-04-2020",0,14
"Quebec","Lanaudire","10-04-2020",2,16
"Quebec","Lanaudire","11-04-2020",0,16
"Quebec","Lanaudire","12-04-2020",5,21
"Quebec","Lanaudire","13-04-2020",3,24
"Quebec","Lanaudire","14-04-2020",1,25
"Quebec","Lanaudire","15-04-2020",1,26
"Quebec","Lanaudire","16-04-2020",1,27
"Quebec","Lanaudire","17-04-2020",0,27
"Quebec","Lanaudire","18-04-2020",1,28
"Quebec","Lanaudire","19-04-2020",1,29
"Quebec","Lanaudire","20-04-2020",4,33
"Quebec","Lanaudire","21-04-2020",13,46
"Quebec","Lanaudire","22-04-2020",0,46
"Quebec","Lanaudire","23-04-2020",2,48
"Quebec","Lanaudire","24-04-2020",5,53
"Quebec","Lanaudire","25-04-2020",5,58
"Quebec","Lanaudire","26-04-2020",5,63
"Quebec","Lanaudire","27-04-2020",4,67
"Quebec","Lanaudire","28-04-2020",7,74
"Quebec","Lanaudire","29-04-2020",3,77
"Quebec","Lanaudire","30-04-2020",5,82
"Quebec","Laurentides","08-03-2020",0,0
"Quebec","Laurentides","09-03-2020",0,0
"Quebec","Laurentides","10-03-2020",0,0
"Quebec","Laurentides","11-03-2020",0,0
"Quebec","Laurentides","12-03-2020",0,0
"Quebec","Laurentides","13-03-2020",0,0
"Quebec","Laurentides","14-03-2020",0,0
"Quebec","Laurentides","15-03-2020",0,0
"Quebec","Laurentides","16-03-2020",0,0
"Quebec","Laurentides","17-03-2020",0,0
"Quebec","Laurentides","18-03-2020",0,0
"Quebec","Laurentides","19-03-2020",0,0
"Quebec","Laurentides","20-03-2020",0,0
"Quebec","Laurentides","21-03-2020",0,0
"Quebec","Laurentides","22-03-2020",0,0
"Quebec","Laurentides","23-03-2020",0,0
"Quebec","Laurentides","24-03-2020",0,0
"Quebec","Laurentides","25-03-2020",0,0
"Quebec","Laurentides","26-03-2020",1,1
"Quebec","Laurentides","27-03-2020",0,1
"Quebec","Laurentides","28-03-2020",0,1
"Quebec","Laurentides","29-03-2020",0,1
"Quebec","Laurentides","30-03-2020",0,1
"Quebec","Laurentides","31-03-2020",0,1
"Quebec","Laurentides","01-04-2020",0,1
"Quebec","Laurentides","02-04-2020",0,1
"Quebec","Laurentides","03-04-2020",0,1
"Quebec","Laurentides","04-04-2020",0,1
"Quebec","Laurentides","05-04-2020",0,1
"Quebec","Laurentides","06-04-2020",0,1
"Quebec","Laurentides","07-04-2020",0,1
"Quebec","Laurentides","08-04-2020",0,1
"Quebec","Laurentides","09-04-2020",0,1
"Quebec","Laurentides","10-04-2020",0,1
"Quebec","Laurentides","11-04-2020",0,1
"Quebec","Laurentides","12-04-2020",1,2
"Quebec","Laurentides","13-04-2020",0,2
"Quebec","Laurentides","14-04-2020",0,2
"Quebec","Laurentides","15-04-2020",1,3
"Quebec","Laurentides","16-04-2020",1,4
"Quebec","Laurentides","17-04-2020",0,4
"Quebec","Laurentides","18-04-2020",1,5
"Quebec","Laurentides","19-04-2020",1,6
"Quebec","Laurentides","20-04-2020",5,11
"Quebec","Laurentides","21-04-2020",0,11
"Quebec","Laurentides","22-04-2020",3,14
"Quebec","Laurentides","23-04-2020",0,14
"Quebec","Laurentides","24-04-2020",0,14
"Quebec","Laurentides","25-04-2020",2,16
"Quebec","Laurentides","26-04-2020",1,17
"Quebec","Laurentides","27-04-2020",0,17
"Quebec","Laurentides","28-04-2020",2,19
"Quebec","Laurentides","29-04-2020",4,23
"Quebec","Laurentides","30-04-2020",6,29
"Quebec","Laval","08-03-2020",0,0
"Quebec","Laval","09-03-2020",0,0
"Quebec","Laval","10-03-2020",0,0
"Quebec","Laval","11-03-2020",0,0
"Quebec","Laval","12-03-2020",0,0
"Quebec","Laval","13-03-2020",0,0
"Quebec","Laval","14-03-2020",0,0
"Quebec","Laval","15-03-2020",0,0
"Quebec","Laval","16-03-2020",0,0
"Quebec","Laval","17-03-2020",0,0
"Quebec","Laval","18-03-2020",0,0
"Quebec","Laval","19-03-2020",0,0
"Quebec","Laval","20-03-2020",0,0
"Quebec","Laval","21-03-2020",0,0
"Quebec","Laval","22-03-2020",0,0
"Quebec","Laval","23-03-2020",0,0
"Quebec","Laval","24-03-2020",0,0
"Quebec","Laval","25-03-2020",0,0
"Quebec","Laval","26-03-2020",0,0
"Quebec","Laval","27-03-2020",0,0
"Quebec","Laval","28-03-2020",2,2
"Quebec","Laval","29-03-2020",0,2
"Quebec","Laval","30-03-2020",0,2
"Quebec","Laval","31-03-2020",2,4
"Quebec","Laval","01-04-2020",0,4
"Quebec","Laval","02-04-2020",0,4
"Quebec","Laval","03-04-2020",3,7
"Quebec","Laval","04-04-2020",0,7
"Quebec","Laval","05-04-2020",0,7
"Quebec","Laval","06-04-2020",3,10
"Quebec","Laval","07-04-2020",7,17
"Quebec","Laval","08-04-2020",11,28
"Quebec","Laval","09-04-2020",13,41
"Quebec","Laval","10-04-2020",7,48
"Quebec","Laval","11-04-2020",4,52
"Quebec","Laval","12-04-2020",10,62
"Quebec","Laval","13-04-2020",6,68
"Quebec","Laval","14-04-2020",9,77
"Quebec","Laval","15-04-2020",8,85
"Quebec","Laval","16-04-2020",12,97
"Quebec","Laval","17-04-2020",8,105
"Quebec","Laval","18-04-2020",39,144
"Quebec","Laval","19-04-2020",4,148
"Quebec","Laval","20-04-2020",19,167
"Quebec","Laval","21-04-2020",21,188
"Quebec","Laval","22-04-2020",6,194
"Quebec","Laval","23-04-2020",3,197
"Quebec","Laval","24-04-2020",19,216
"Quebec","Laval","25-04-2020",3,219
"Quebec","Laval","26-04-2020",12,231
"Quebec","Laval","27-04-2020",22,253
"Quebec","Laval","28-04-2020",12,265
"Quebec","Laval","29-04-2020",15,280
"Quebec","Laval","30-04-2020",11,291
"Quebec","Mauricie","08-03-2020",0,0
"Quebec","Mauricie","09-03-2020",0,0
"Quebec","Mauricie","10-03-2020",0,0
"Quebec","Mauricie","11-03-2020",0,0
"Quebec","Mauricie","12-03-2020",0,0
"Quebec","Mauricie","13-03-2020",0,0
"Quebec","Mauricie","14-03-2020",0,0
"Quebec","Mauricie","15-03-2020",0,0
"Quebec","Mauricie","16-03-2020",0,0
"Quebec","Mauricie","17-03-2020",0,0
"Quebec","Mauricie","18-03-2020",0,0
"Quebec","Mauricie","19-03-2020",0,0
"Quebec","Mauricie","20-03-2020",0,0
"Quebec","Mauricie","21-03-2020",0,0
"Quebec","Mauricie","22-03-2020",0,0
"Quebec","Mauricie","23-03-2020",0,0
"Quebec","Mauricie","24-03-2020",0,0
"Quebec","Mauricie","25-03-2020",0,0
"Quebec","Mauricie","26-03-2020",0,0
"Quebec","Mauricie","27-03-2020",2,2
"Quebec","Mauricie","28-03-2020",0,2
"Quebec","Mauricie","29-03-2020",0,2
"Quebec","Mauricie","30-03-2020",2,4
"Quebec","Mauricie","31-03-2020",0,4
"Quebec","Mauricie","01-04-2020",0,4
"Quebec","Mauricie","02-04-2020",0,4
"Quebec","Mauricie","03-04-2020",1,5
"Quebec","Mauricie","04-04-2020",4,9
"Quebec","Mauricie","05-04-2020",1,10
"Quebec","Mauricie","06-04-2020",3,13
"Quebec","Mauricie","07-04-2020",2,15
"Quebec","Mauricie","08-04-2020",6,21
"Quebec","Mauricie","09-04-2020",8,29
"Quebec","Mauricie","10-04-2020",4,33
"Quebec","Mauricie","11-04-2020",0,33
"Quebec","Mauricie","12-04-2020",2,35
"Quebec","Mauricie","13-04-2020",6,41
"Quebec","Mauricie","14-04-2020",2,43
"Quebec","Mauricie","15-04-2020",9,52
"Quebec","Mauricie","16-04-2020",2,54
"Quebec","Mauricie","17-04-2020",6,60
"Quebec","Mauricie","18-04-2020",0,60
"Quebec","Mauricie","19-04-2020",1,61
"Quebec","Mauricie","20-04-2020",4,65
"Quebec","Mauricie","21-04-2020",4,69
"Quebec","Mauricie","22-04-2020",3,72
"Quebec","Mauricie","23-04-2020",4,76
"Quebec","Mauricie","24-04-2020",5,81
"Quebec","Mauricie","25-04-2020",6,87
"Quebec","Mauricie","26-04-2020",1,88
"Quebec","Mauricie","27-04-2020",4,92
"Quebec","Mauricie","28-04-2020",1,93
"Quebec","Mauricie","29-04-2020",3,96
"Quebec","Mauricie","30-04-2020",1,97
"Quebec","Montrgie","08-03-2020",0,0
"Quebec","Montrgie","09-03-2020",0,0
"Quebec","Montrgie","10-03-2020",0,0
"Quebec","Montrgie","11-03-2020",0,0
"Quebec","Montrgie","12-03-2020",0,0
"Quebec","Montrgie","13-03-2020",0,0
"Quebec","Montrgie","14-03-2020",0,0
"Quebec","Montrgie","15-03-2020",0,0
"Quebec","Montrgie","16-03-2020",0,0
"Quebec","Montrgie","17-03-2020",0,0
"Quebec","Montrgie","18-03-2020",0,0
"Quebec","Montrgie","19-03-2020",0,0
"Quebec","Montrgie","20-03-2020",0,0
"Quebec","Montrgie","21-03-2020",0,0
"Quebec","Montrgie","22-03-2020",0,0
"Quebec","Montrgie","23-03-2020",0,0
"Quebec","Montrgie","24-03-2020",0,0
"Quebec","Montrgie","25-03-2020",0,0
"Quebec","Montrgie","26-03-2020",0,0
"Quebec","Montrgie","27-03-2020",0,0
"Quebec","Montrgie","28-03-2020",0,0
"Quebec","Montrgie","29-03-2020",0,0
"Quebec","Montrgie","30-03-2020",0,0
"Quebec","Montrgie","31-03-2020",0,0
"Quebec","Montrgie","01-04-2020",0,0
"Quebec","Montrgie","02-04-2020",0,0
"Quebec","Montrgie","03-04-2020",0,0
"Quebec","Montrgie","04-04-2020",3,3
"Quebec","Montrgie","05-04-2020",0,3
"Quebec","Montrgie","06-04-2020",0,3
"Quebec","Montrgie","07-04-2020",3,6
"Quebec","Montrgie","08-04-2020",0,6
"Quebec","Montrgie","09-04-2020",2,8
"Quebec","Montrgie","10-04-2020",1,9
"Quebec","Montrgie","11-04-2020",2,11
"Quebec","Montrgie","12-04-2020",1,12
"Quebec","Montrgie","13-04-2020",2,14
"Quebec","Montrgie","14-04-2020",4,18
"Quebec","Montrgie","15-04-2020",3,21
"Quebec","Montrgie","16-04-2020",5,26
"Quebec","Montrgie","17-04-2020",6,32
"Quebec","Montrgie","18-04-2020",10,42
"Quebec","Montrgie","19-04-2020",4,46
"Quebec","Montrgie","20-04-2020",9,55
"Quebec","Montrgie","21-04-2020",4,59
"Quebec","Montrgie","22-04-2020",10,69
"Quebec","Montrgie","23-04-2020",1,70
"Quebec","Montrgie","24-04-2020",0,70
"Quebec","Montrgie","25-04-2020",1,71
"Quebec","Montrgie","26-04-2020",7,78
"Quebec","Montrgie","27-04-2020",4,82
"Quebec","Montrgie","28-04-2020",1,83
"Quebec","Montrgie","29-04-2020",12,95
"Quebec","Montrgie","30-04-2020",3,98
"Quebec","Montral","08-03-2020",0,0
"Quebec","Montral","09-03-2020",0,0
"Quebec","Montral","10-03-2020",0,0
"Quebec","Montral","11-03-2020",0,0
"Quebec","Montral","12-03-2020",0,0
"Quebec","Montral","13-03-2020",0,0
"Quebec","Montral","14-03-2020",0,0
"Quebec","Montral","15-03-2020",0,0
"Quebec","Montral","16-03-2020",0,0
"Quebec","Montral","17-03-2020",0,0
"Quebec","Montral","18-03-2020",0,0
"Quebec","Montral","19-03-2020",0,0
"Quebec","Montral","20-03-2020",0,0
"Quebec","Montral","21-03-2020",0,0
"Quebec","Montral","22-03-2020",0,0
"Quebec","Montral","23-03-2020",0,0
"Quebec","Montral","24-03-2020",0,0
"Quebec","Montral","25-03-2020",0,0
"Quebec","Montral","26-03-2020",1,1
"Quebec","Montral","27-03-2020",5,6
"Quebec","Montral","28-03-2020",1,7
"Quebec","Montral","29-03-2020",0,7
"Quebec","Montral","30-03-2020",0,7
"Quebec","Montral","31-03-2020",2,9
"Quebec","Montral","01-04-2020",1,10
"Quebec","Montral","02-04-2020",0,10
"Quebec","Montral","03-04-2020",19,29
"Quebec","Montral","04-04-2020",4,33
"Quebec","Montral","05-04-2020",12,45
"Quebec","Montral","06-04-2020",17,62
"Quebec","Montral","07-04-2020",15,77
"Quebec","Montral","08-04-2020",1,78
"Quebec","Montral","09-04-2020",15,93
"Quebec","Montral","10-04-2020",7,100
"Quebec","Montral","11-04-2020",35,135
"Quebec","Montral","12-04-2020",18,153
"Quebec","Montral","13-04-2020",9,162
"Quebec","Montral","14-04-2020",56,218
"Quebec","Montral","15-04-2020",24,242
"Quebec","Montral","16-04-2020",94,336
"Quebec","Montral","17-04-2020",55,391
"Quebec","Montral","18-04-2020",63,454
"Quebec","Montral","19-04-2020",59,513
"Quebec","Montral","20-04-2020",12,525
"Quebec","Montral","21-04-2020",58,583
"Quebec","Montral","22-04-2020",64,647
"Quebec","Montral","23-04-2020",95,742
"Quebec","Montral","24-04-2020",66,808
"Quebec","Montral","25-04-2020",87,895
"Quebec","Montral","26-04-2020",43,938
"Quebec","Montral","27-04-2020",45,983
"Quebec","Montral","28-04-2020",56,1039
"Quebec","Montral","29-04-2020",39,1078
"Quebec","Montral","30-04-2020",68,1146
"Quebec","Outaouais","08-03-2020",0,0
"Quebec","Outaouais","09-03-2020",0,0
"Quebec","Outaouais","10-03-2020",0,0
"Quebec","Outaouais","11-03-2020",0,0
"Quebec","Outaouais","12-03-2020",0,0
"Quebec","Outaouais","13-03-2020",0,0
"Quebec","Outaouais","14-03-2020",0,0
"Quebec","Outaouais","15-03-2020",0,0
"Quebec","Outaouais","16-03-2020",0,0
"Quebec","Outaouais","17-03-2020",0,0
"Quebec","Outaouais","18-03-2020",0,0
"Quebec","Outaouais","19-03-2020",0,0
"Quebec","Outaouais","20-03-2020",0,0
"Quebec","Outaouais","21-03-2020",0,0
"Quebec","Outaouais","22-03-2020",0,0
"Quebec","Outaouais","23-03-2020",0,0
"Quebec","Outaouais","24-03-2020",0,0
"Quebec","Outaouais","25-03-2020",0,0
"Quebec","Outaouais","26-03-2020",0,0
"Quebec","Outaouais","27-03-2020",0,0
"Quebec","Outaouais","28-03-2020",0,0
"Quebec","Outaouais","29-03-2020",0,0
"Quebec","Outaouais","30-03-2020",0,0
"Quebec","Outaouais","31-03-2020",0,0
"Quebec","Outaouais","01-04-2020",0,0
"Quebec","Outaouais","02-04-2020",0,0
"Quebec","Outaouais","03-04-2020",0,0
"Quebec","Outaouais","04-04-2020",0,0
"Quebec","Outaouais","05-04-2020",0,0
"Quebec","Outaouais","06-04-2020",0,0
"Quebec","Outaouais","07-04-2020",0,0
"Quebec","Outaouais","08-04-2020",0,0
"Quebec","Outaouais","09-04-2020",0,0
"Quebec","Outaouais","10-04-2020",0,0
"Quebec","Outaouais","11-04-2020",0,0
"Quebec","Outaouais","12-04-2020",0,0
"Quebec","Outaouais","13-04-2020",0,0
"Quebec","Outaouais","14-04-2020",0,0
"Quebec","Outaouais","15-04-2020",0,0
"Quebec","Outaouais","16-04-2020",0,0
"Quebec","Outaouais","17-04-2020",1,1
"Quebec","Outaouais","18-04-2020",0,1
"Quebec","Outaouais","19-04-2020",0,1
"Quebec","Outaouais","20-04-2020",0,1
"Quebec","Outaouais","21-04-2020",0,1
"Quebec","Outaouais","22-04-2020",0,1
"Quebec","Outaouais","23-04-2020",0,1
"Quebec","Outaouais","24-04-2020",1,2
"Quebec","Outaouais","25-04-2020",0,2
"Quebec","Outaouais","26-04-2020",0,2
"Quebec","Outaouais","27-04-2020",0,2
"Quebec","Outaouais","28-04-2020",0,2
"Quebec","Outaouais","29-04-2020",1,3
"Quebec","Outaouais","30-04-2020",0,3
"Quebec","Saguenay","08-03-2020",0,0
"Quebec","Saguenay","09-03-2020",0,0
"Quebec","Saguenay","10-03-2020",0,0
"Quebec","Saguenay","11-03-2020",0,0
"Quebec","Saguenay","12-03-2020",0,0
"Quebec","Saguenay","13-03-2020",0,0
"Quebec","Saguenay","14-03-2020",0,0
"Quebec","Saguenay","15-03-2020",0,0
"Quebec","Saguenay","16-03-2020",0,0
"Quebec","Saguenay","17-03-2020",0,0
"Quebec","Saguenay","18-03-2020",0,0
"Quebec","Saguenay","19-03-2020",0,0
"Quebec","Saguenay","20-03-2020",0,0
"Quebec","Saguenay","21-03-2020",0,0
"Quebec","Saguenay","22-03-2020",0,0
"Quebec","Saguenay","23-03-2020",0,0
"Quebec","Saguenay","24-03-2020",0,0
"Quebec","Saguenay","25-03-2020",0,0
"Quebec","Saguenay","26-03-2020",0,0
"Quebec","Saguenay","27-03-2020",0,0
"Quebec","Saguenay","28-03-2020",0,0
"Quebec","Saguenay","29-03-2020",0,0
"Quebec","Saguenay","30-03-2020",0,0
"Quebec","Saguenay","31-03-2020",0,0
"Quebec","Saguenay","01-04-2020",0,0
"Quebec","Saguenay","02-04-2020",0,0
"Quebec","Saguenay","03-04-2020",0,0
"Quebec","Saguenay","04-04-2020",0,0
"Quebec","Saguenay","05-04-2020",0,0
"Quebec","Saguenay","06-04-2020",0,0
"Quebec","Saguenay","07-04-2020",0,0
"Quebec","Saguenay","08-04-2020",0,0
"Quebec","Saguenay","09-04-2020",0,0
"Quebec","Saguenay","10-04-2020",0,0
"Quebec","Saguenay","11-04-2020",3,3
"Quebec","Saguenay","12-04-2020",0,3
"Quebec","Saguenay","13-04-2020",2,5
"Quebec","Saguenay","14-04-2020",0,5
"Quebec","Saguenay","15-04-2020",0,5
"Quebec","Saguenay","16-04-2020",2,7
"Quebec","Saguenay","17-04-2020",2,9
"Quebec","Saguenay","18-04-2020",0,9
"Quebec","Saguenay","19-04-2020",1,10
"Quebec","Saguenay","20-04-2020",1,11
"Quebec","Saguenay","21-04-2020",1,12
"Quebec","Saguenay","22-04-2020",3,15
"Quebec","Saguenay","23-04-2020",2,17
"Quebec","Saguenay","24-04-2020",0,17
"Quebec","Saguenay","25-04-2020",2,19
"Quebec","Saguenay","26-04-2020",0,19
"Quebec","Saguenay","27-04-2020",1,20
"Quebec","Saguenay","28-04-2020",0,20
"Quebec","Saguenay","29-04-2020",1,21
"Quebec","Saguenay","30-04-2020",0,21
